year,folder_title,folder_url,file_title,file_url,file_id,local_path
2025,Gauteng June Exam,https://drive.google.com/embeddedfolderview?id=1fRNjjvynLPsfCd7pxgsVhXbGxIU40NjK#list,GP-JW-Maths-Literacy-Grade-11-June-2025-P1-and-Memo.pdf,https://drive.google.com/file/d/1vwtlyQMZQt8urM6j0S5tpA_KXJztuoEE/view?usp=drive_web,1vwtlyQMZQt8urM6j0S5tpA_KXJztuoEE,grade11_mathematical_literacy_papers\2025\GP-JW-Maths-Literacy-Grade-11-June-2025-P1-and-Memo.pdf
2025,Eastern Cape November Exam,https://drive.google.com/embeddedfolderview?id=1WfrK8bI_-pkXMAB3_G9vnjPlFi_hckFd#list,MATHS LIT  P2 GRADE 11 NOV 2025 MEMO AFR_watermark.pdf,https://drive.google.com/file/d/1rq8b7fsgzzxH1Aj5VY3V9JXzXzwp99Ek/view?usp=drive_web,1rq8b7fsgzzxH1Aj5VY3V9JXzXzwp99Ek,grade11_mathematical_literacy_papers\2025\MATHS LIT P2 GRADE 11 NOV 2025 MEMO AFR_watermark.pdf
2025,Eastern Cape November Exam,https://drive.google.com/embeddedfolderview?id=1WfrK8bI_-pkXMAB3_G9vnjPlFi_hckFd#list,MATHS LIT AFR GRADE 11 NOV 2025 ADDENDUM (3)_watermark.pdf,https://drive.google.com/file/d/1AE45vdRGVkj057lrsmxvIFZGjJ2lGPo4/view?usp=drive_web,1AE45vdRGVkj057lrsmxvIFZGjJ2lGPo4,grade11_mathematical_literacy_papers\2025\MATHS LIT AFR GRADE 11 NOV 2025 ADDENDUM (3)_watermark.pdf
2025,Eastern Cape November Exam,https://drive.google.com/embeddedfolderview?id=1WfrK8bI_-pkXMAB3_G9vnjPlFi_hckFd#list,MATHS LIT AFR GRADE 11 NOV 2025 QPAPER_watermark.pdf,https://drive.google.com/file/d/15ZTqEY7-w3kD6gZzEUlR9jYawbMydOA9/view?usp=drive_web,15ZTqEY7-w3kD6gZzEUlR9jYawbMydOA9,grade11_mathematical_literacy_papers\2025\MATHS LIT AFR GRADE 11 NOV 2025 QPAPER_watermark.pdf
2025,Eastern Cape November Exam,https://drive.google.com/embeddedfolderview?id=1WfrK8bI_-pkXMAB3_G9vnjPlFi_hckFd#list,MATHS LIT GRADE 11 NOV 2025 QPAPER (2)_watermark.pdf,https://drive.google.com/file/d/1fAFLUJhSaA8Qw8RfCO-eRQgN8LsoEcGi/view?usp=drive_web,1fAFLUJhSaA8Qw8RfCO-eRQgN8LsoEcGi,grade11_mathematical_literacy_papers\2025\MATHS LIT GRADE 11 NOV 2025 QPAPER (2)_watermark.pdf
2025,Eastern Cape November Exam,https://drive.google.com/embeddedfolderview?id=1WfrK8bI_-pkXMAB3_G9vnjPlFi_hckFd#list,MATHS LIT P2 GR11 NOV25 ADDENDUM ENGLISH FINAL (1)_watermark.pdf,https://drive.google.com/file/d/18eq4Kgdc0_iyAlNCxZ7vBIiwrPeiLNnP/view?usp=drive_web,18eq4Kgdc0_iyAlNCxZ7vBIiwrPeiLNnP,grade11_mathematical_literacy_papers\2025\MATHS LIT P2 GR11 NOV25 ADDENDUM ENGLISH FINAL (1)_watermark.pdf
2025,Eastern Cape November Exam,https://drive.google.com/embeddedfolderview?id=1WfrK8bI_-pkXMAB3_G9vnjPlFi_hckFd#list,MATHS LIT P2 GRADE 11 NOV 2025 MEMO ENG_watermark.pdf,https://drive.google.com/file/d/1Nueg3rCqwrXx94YepbG6LP0qBzrkti8m/view?usp=drive_web,1Nueg3rCqwrXx94YepbG6LP0qBzrkti8m,grade11_mathematical_literacy_papers\2025\MATHS LIT P2 GRADE 11 NOV 2025 MEMO ENG_watermark.pdf
2025,Eastern Cape November Exam,https://drive.google.com/embeddedfolderview?id=1WfrK8bI_-pkXMAB3_G9vnjPlFi_hckFd#list,MATHS LIT QP GRADE 11 NOV 2025 AFR_watermark.pdf,https://drive.google.com/file/d/1Xd1uwAR2vExaH4OcV79w4CU9QPKNQd0_/view?usp=drive_web,1Xd1uwAR2vExaH4OcV79w4CU9QPKNQd0_,grade11_mathematical_literacy_papers\2025\MATHS LIT QP GRADE 11 NOV 2025 AFR_watermark.pdf
2025,Eastern Cape November Exam,https://drive.google.com/embeddedfolderview?id=1WfrK8bI_-pkXMAB3_G9vnjPlFi_hckFd#list,MATHS LITERACY P1 GR11 MEMO NOV2025_Afrikaans_watermark.pdf,https://drive.google.com/file/d/1YYkXWaGD3uPYQPd2kqPwHOKqvBUFoMw1/view?usp=drive_web,1YYkXWaGD3uPYQPd2kqPwHOKqvBUFoMw1,grade11_mathematical_literacy_papers\2025\MATHS LITERACY P1 GR11 MEMO NOV2025_Afrikaans_watermark.pdf
2025,Eastern Cape November Exam,https://drive.google.com/embeddedfolderview?id=1WfrK8bI_-pkXMAB3_G9vnjPlFi_hckFd#list,MATHS LITERACY P1 GR11 MEMO NOV2025_English_watermark.pdf,https://drive.google.com/file/d/14SCEliG85WtSvt8rm9g1zCstKm3yYQD-/view?usp=drive_web,14SCEliG85WtSvt8rm9g1zCstKm3yYQD-,grade11_mathematical_literacy_papers\2025\MATHS LITERACY P1 GR11 MEMO NOV2025_English_watermark.pdf
2025,Eastern Cape November Exam,https://drive.google.com/embeddedfolderview?id=1WfrK8bI_-pkXMAB3_G9vnjPlFi_hckFd#list,MATHS LITERACY P1 GR11 QP NOV2025_Afrikaans_watermark.pdf,https://drive.google.com/file/d/1r6LdgHxsXiKV3cShQJU2ezUISNDSmZ9T/view?usp=drive_web,1r6LdgHxsXiKV3cShQJU2ezUISNDSmZ9T,grade11_mathematical_literacy_papers\2025\MATHS LITERACY P1 GR11 QP NOV2025_Afrikaans_watermark.pdf
2025,Eastern Cape November Exam,https://drive.google.com/embeddedfolderview?id=1WfrK8bI_-pkXMAB3_G9vnjPlFi_hckFd#list,MATHS LITERACY P1 GR11 QP NOV2025_English_watermark.pdf,https://drive.google.com/file/d/1qdMi06W25d1lFGcmAe2OVBIIOnVimrOj/view?usp=drive_web,1qdMi06W25d1lFGcmAe2OVBIIOnVimrOj,grade11_mathematical_literacy_papers\2025\MATHS LITERACY P1 GR11 QP NOV2025_English_watermark.pdf
2024,North West June Exam,https://drive.google.com/embeddedfolderview?id=1-WP8XZcdBjXxVj6G6zwnjIUZbuRb5CNU#list,NW-11-MATHS-LIT-P1-MG-AFR-ENG-JUNE-2024.pdf,https://drive.google.com/file/d/13lzpBLcii0k6MbN0w_xzoatX__NMUSzF/view?usp=drive_web,13lzpBLcii0k6MbN0w_xzoatX__NMUSzF,grade11_mathematical_literacy_papers\2024\NW-11-MATHS-LIT-P1-MG-AFR-ENG-JUNE-2024.pdf
2024,North West June Exam,https://drive.google.com/embeddedfolderview?id=1-WP8XZcdBjXxVj6G6zwnjIUZbuRb5CNU#list,NW-11-MATHS-LIT-P1-QP-AFR-JUNE-2024.pdf,https://drive.google.com/file/d/1HxmbS0h6Nh0QagHFgwm9n573jxlsuixu/view?usp=drive_web,1HxmbS0h6Nh0QagHFgwm9n573jxlsuixu,grade11_mathematical_literacy_papers\2024\NW-11-MATHS-LIT-P1-QP-AFR-JUNE-2024.pdf
2024,North West June Exam,https://drive.google.com/embeddedfolderview?id=1-WP8XZcdBjXxVj6G6zwnjIUZbuRb5CNU#list,NW-11-MATHS-LIT-P1-QP-ENG-JUNE-2024.pdf,https://drive.google.com/file/d/154-ZPklp5ujkACGi44xJV5vtiYJMUIX1/view?usp=drive_web,154-ZPklp5ujkACGi44xJV5vtiYJMUIX1,grade11_mathematical_literacy_papers\2024\NW-11-MATHS-LIT-P1-QP-ENG-JUNE-2024.pdf
2024,North West June Exam,https://drive.google.com/embeddedfolderview?id=1-WP8XZcdBjXxVj6G6zwnjIUZbuRb5CNU#list,NW-11-MATHS-LIT-P2-MG-AFR-JUNE-2024.pdf,https://drive.google.com/file/d/1yJlR8EQarQqJgvEOfllCNY6wRboiDlkf/view?usp=drive_web,1yJlR8EQarQqJgvEOfllCNY6wRboiDlkf,grade11_mathematical_literacy_papers\2024\NW-11-MATHS-LIT-P2-MG-AFR-JUNE-2024.pdf
2024,North West June Exam,https://drive.google.com/embeddedfolderview?id=1-WP8XZcdBjXxVj6G6zwnjIUZbuRb5CNU#list,NW-11-MATHS-LIT-P2-MG-ENG-JUNE-2024.pdf,https://drive.google.com/file/d/1v0dl-AnGSms4NNTeW8lKtQMD9DEYOj1o/view?usp=drive_web,1v0dl-AnGSms4NNTeW8lKtQMD9DEYOj1o,grade11_mathematical_literacy_papers\2024\NW-11-MATHS-LIT-P2-MG-ENG-JUNE-2024.pdf
2024,North West June Exam,https://drive.google.com/embeddedfolderview?id=1-WP8XZcdBjXxVj6G6zwnjIUZbuRb5CNU#list,NW-11-MATHS-LIT-P2-QP-AFR-JUNIE-2024.pdf,https://drive.google.com/file/d/128Ah3qXr0enhmZhaPccqQBcyV91RkM7L/view?usp=drive_web,128Ah3qXr0enhmZhaPccqQBcyV91RkM7L,grade11_mathematical_literacy_papers\2024\NW-11-MATHS-LIT-P2-QP-AFR-JUNIE-2024.pdf
2024,North West June Exam,https://drive.google.com/embeddedfolderview?id=1-WP8XZcdBjXxVj6G6zwnjIUZbuRb5CNU#list,NW-11-MATHS-LIT-P2-QP-ENG-JUNE-2024.pdf,https://drive.google.com/file/d/1ImPTO4_a0jUmA7yKOVJdRpyfU0IhpWzG/view?usp=drive_web,1ImPTO4_a0jUmA7yKOVJdRpyfU0IhpWzG,grade11_mathematical_literacy_papers\2024\NW-11-MATHS-LIT-P2-QP-ENG-JUNE-2024.pdf
2024,North West November Exam,https://drive.google.com/embeddedfolderview?id=155XEBg0wrSJvnh3sMCARjMMF-cPpDA3-#list,NW-11-MATHEMATICAL-LITERACY-P1-MG-AFRENG-NOV-2024.pdf,https://drive.google.com/file/d/18tuAg9YZCC5QnTJBl4byrJQpxicuqdSV/view?usp=drive_web,18tuAg9YZCC5QnTJBl4byrJQpxicuqdSV,grade11_mathematical_literacy_papers\2024\NW-11-MATHEMATICAL-LITERACY-P1-MG-AFRENG-NOV-2024.pdf
2024,North West November Exam,https://drive.google.com/embeddedfolderview?id=155XEBg0wrSJvnh3sMCARjMMF-cPpDA3-#list,NW-11-MATHEMATICAL-LITERACY-P1-MG-NOV-2024.pdf,https://drive.google.com/file/d/1Im__KxRtM44SYVzgdkG3Ec2hcYc2LFQv/view?usp=drive_web,1Im__KxRtM44SYVzgdkG3Ec2hcYc2LFQv,grade11_mathematical_literacy_papers\2024\NW-11-MATHEMATICAL-LITERACY-P1-MG-NOV-2024.pdf
2024,North West November Exam,https://drive.google.com/embeddedfolderview?id=155XEBg0wrSJvnh3sMCARjMMF-cPpDA3-#list,NW-11-MATHEMATICAL-LITERACY-P1-QP-AFR-NOV-2024.pdf,https://drive.google.com/file/d/11eXYcHOm_z6zpZ3r5pK6zcSuSYzXUyjA/view?usp=drive_web,11eXYcHOm_z6zpZ3r5pK6zcSuSYzXUyjA,grade11_mathematical_literacy_papers\2024\NW-11-MATHEMATICAL-LITERACY-P1-QP-AFR-NOV-2024.pdf
2024,North West November Exam,https://drive.google.com/embeddedfolderview?id=155XEBg0wrSJvnh3sMCARjMMF-cPpDA3-#list,NW-11-MATHEMATICAL-LITERACY-P1-QP-ENG-NOV-2024.pdf,https://drive.google.com/file/d/1JYSA8R9KJe09I4Ho9z6bmIGlZzDHacY6/view?usp=drive_web,1JYSA8R9KJe09I4Ho9z6bmIGlZzDHacY6,grade11_mathematical_literacy_papers\2024\NW-11-MATHEMATICAL-LITERACY-P1-QP-ENG-NOV-2024.pdf
2024,North West November Exam,https://drive.google.com/embeddedfolderview?id=155XEBg0wrSJvnh3sMCARjMMF-cPpDA3-#list,NW-11-MATHEMATICAL-LITERACY-P2-MGENG-NOV-2024.pdf,https://drive.google.com/file/d/18EZR9UdlgVkEUmwUKfwQanDDzS55G-d4/view?usp=drive_web,18EZR9UdlgVkEUmwUKfwQanDDzS55G-d4,grade11_mathematical_literacy_papers\2024\NW-11-MATHEMATICAL-LITERACY-P2-MGENG-NOV-2024.pdf
2024,North West November Exam,https://drive.google.com/embeddedfolderview?id=155XEBg0wrSJvnh3sMCARjMMF-cPpDA3-#list,NW-11-MATHEMATICAL-LITERACY-P2-QP-AFR-NOV-2024.pdf,https://drive.google.com/file/d/1XIc7cCfY968fR0oZXxyjWRdTHM3xJzCu/view?usp=drive_web,1XIc7cCfY968fR0oZXxyjWRdTHM3xJzCu,grade11_mathematical_literacy_papers\2024\NW-11-MATHEMATICAL-LITERACY-P2-QP-AFR-NOV-2024.pdf
2024,North West November Exam,https://drive.google.com/embeddedfolderview?id=155XEBg0wrSJvnh3sMCARjMMF-cPpDA3-#list,NW-11-MATHEMATICAL-LITERACY-P2-QP-ENG-NOV-2024.pdf,https://drive.google.com/file/d/13ibXiE5WNQyvHX2cmO07wRWLzMNvaemq/view?usp=drive_web,13ibXiE5WNQyvHX2cmO07wRWLzMNvaemq,grade11_mathematical_literacy_papers\2024\NW-11-MATHEMATICAL-LITERACY-P2-QP-ENG-NOV-2024.pdf
2024,Eastern Cape November Exam,https://drive.google.com/embeddedfolderview?id=1K8G364BuAFAjrSG5m6QwZmpZqOac9K6E#list,MATHS LIT P1 GR11 QP NOV 2024 AFR DD_watermark.pdf,https://drive.google.com/file/d/1X1t42fCyEki2Pg_VN40nDw8JLmJxJb-o/view?usp=drive_web,1X1t42fCyEki2Pg_VN40nDw8JLmJxJb-o,grade11_mathematical_literacy_papers\2024\MATHS LIT P1 GR11 QP NOV 2024 AFR DD_watermark.pdf
2024,Eastern Cape November Exam,https://drive.google.com/embeddedfolderview?id=1K8G364BuAFAjrSG5m6QwZmpZqOac9K6E#list,MATHS LIT P1 GR11 QP NOV 2024 ENG DD_watermark.pdf,https://drive.google.com/file/d/1n37gHcnS0MICLrV7mGoH_V0w2vVpm28e/view?usp=drive_web,1n37gHcnS0MICLrV7mGoH_V0w2vVpm28e,grade11_mathematical_literacy_papers\2024\MATHS LIT P1 GR11 QP NOV 2024 ENG DD_watermark.pdf
2024,Eastern Cape November Exam,https://drive.google.com/embeddedfolderview?id=1K8G364BuAFAjrSG5m6QwZmpZqOac9K6E#list,MATHS LIT P1 MEMO GR 11 NOV2024_English_watermark.pdf,https://drive.google.com/file/d/13RNaaq77T2Bnbppq8YXtzAH1edoerxef/view?usp=drive_web,13RNaaq77T2Bnbppq8YXtzAH1edoerxef,grade11_mathematical_literacy_papers\2024\MATHS LIT P1 MEMO GR 11 NOV2024_English_watermark.pdf
2024,Eastern Cape November Exam,https://drive.google.com/embeddedfolderview?id=1K8G364BuAFAjrSG5m6QwZmpZqOac9K6E#list,MATHS LIT P1 MEMO GR11 NOV2024_Afrikaans_watermark.pdf,https://drive.google.com/file/d/1UphmavNOwiY-nRj7BzLpvsihUa0mcsNl/view?usp=drive_web,1UphmavNOwiY-nRj7BzLpvsihUa0mcsNl,grade11_mathematical_literacy_papers\2024\MATHS LIT P1 MEMO GR11 NOV2024_Afrikaans_watermark.pdf
2024,Eastern Cape November Exam,https://drive.google.com/embeddedfolderview?id=1K8G364BuAFAjrSG5m6QwZmpZqOac9K6E#list,MATHS LIT P2 ADD GR11 NOV 2024  AFR D_watermark.pdf,https://drive.google.com/file/d/1_y2u9v8cj3WAI_Hy3gOMZmQ4vwOKOgMz/view?usp=drive_web,1_y2u9v8cj3WAI_Hy3gOMZmQ4vwOKOgMz,grade11_mathematical_literacy_papers\2024\MATHS LIT P2 ADD GR11 NOV 2024 AFR D_watermark.pdf
2024,Eastern Cape November Exam,https://drive.google.com/embeddedfolderview?id=1K8G364BuAFAjrSG5m6QwZmpZqOac9K6E#list,MATHS LIT P2 ADD GR11 NOV 2024 ENG D_watermark.pdf,https://drive.google.com/file/d/14RFLNSqS0xRE0XlTg8kIIRaYw1Q8gy5d/view?usp=drive_web,14RFLNSqS0xRE0XlTg8kIIRaYw1Q8gy5d,grade11_mathematical_literacy_papers\2024\MATHS LIT P2 ADD GR11 NOV 2024 ENG D_watermark.pdf
2024,Eastern Cape November Exam,https://drive.google.com/embeddedfolderview?id=1K8G364BuAFAjrSG5m6QwZmpZqOac9K6E#list,MATHS LIT P2 GRADE 11 NOV 2024  AFR D_watermark.pdf,https://drive.google.com/file/d/16aKPTJQHq1FMM_WwbW8sqHnRsip2Mipy/view?usp=drive_web,16aKPTJQHq1FMM_WwbW8sqHnRsip2Mipy,grade11_mathematical_literacy_papers\2024\MATHS LIT P2 GRADE 11 NOV 2024 AFR D_watermark.pdf
2024,Eastern Cape November Exam,https://drive.google.com/embeddedfolderview?id=1K8G364BuAFAjrSG5m6QwZmpZqOac9K6E#list,MATHS LIT P2 GRADE 11 NOV 2024  ENGLISH D_watermark.pdf,https://drive.google.com/file/d/1hgIadepxGrt9r5Cj8kcz6BjAbQylDVR7/view?usp=drive_web,1hgIadepxGrt9r5Cj8kcz6BjAbQylDVR7,grade11_mathematical_literacy_papers\2024\MATHS LIT P2 GRADE 11 NOV 2024 ENGLISH D_watermark.pdf
2024,Eastern Cape November Exam,https://drive.google.com/embeddedfolderview?id=1K8G364BuAFAjrSG5m6QwZmpZqOac9K6E#list,MATHS LIT P2 GRADE 11 NOV 2024 MARKING GUIDELINE_AFR_watermark.pdf,https://drive.google.com/file/d/1k6rGotCn3uWWKNe8aTzvzczZwOP2_XpS/view?usp=drive_web,1k6rGotCn3uWWKNe8aTzvzczZwOP2_XpS,grade11_mathematical_literacy_papers\2024\MATHS LIT P2 GRADE 11 NOV 2024 MARKING GUIDELINE_AFR_watermark.pdf
2024,Eastern Cape November Exam,https://drive.google.com/embeddedfolderview?id=1K8G364BuAFAjrSG5m6QwZmpZqOac9K6E#list,MATHS LIT P2 GRADE 11 NOV 2024 MARKING GUIDELINE_ENG_watermark.pdf,https://drive.google.com/file/d/17rHbOzMrjFfBd1WYPXJO0NYJtOvlF7Iv/view?usp=drive_web,17rHbOzMrjFfBd1WYPXJO0NYJtOvlF7Iv,grade11_mathematical_literacy_papers\2024\MATHS LIT P2 GRADE 11 NOV 2024 MARKING GUIDELINE_ENG_watermark.pdf
2023,Eastern Cape November Exam,https://drive.google.com/embeddedfolderview?id=175IhJvAUAmOnP4krk6p4o4_yiQkl60C1#list,MATHS LIT P1 MEMO GR11 NOV2023_Afrikaans.pdf,https://drive.google.com/file/d/1NGS-axLN4ey1BmvWxZX_L8k6hiUjqu0N/view?usp=drive_web,1NGS-axLN4ey1BmvWxZX_L8k6hiUjqu0N,grade11_mathematical_literacy_papers\2023\MATHS LIT P1 MEMO GR11 NOV2023_Afrikaans.pdf
2023,Eastern Cape November Exam,https://drive.google.com/embeddedfolderview?id=175IhJvAUAmOnP4krk6p4o4_yiQkl60C1#list,MATHS LIT P1 MEMO GR11 NOV2023_English.pdf,https://drive.google.com/file/d/1dGDUs0Pg_0SO7yazNlcDQ-6qoPyPg28n/view?usp=drive_web,1dGDUs0Pg_0SO7yazNlcDQ-6qoPyPg28n,grade11_mathematical_literacy_papers\2023\MATHS LIT P1 MEMO GR11 NOV2023_English.pdf
2023,Eastern Cape November Exam,https://drive.google.com/embeddedfolderview?id=175IhJvAUAmOnP4krk6p4o4_yiQkl60C1#list,MATHS LIT P1 QP GR11 NOV2023_Afrikaans D.pdf,https://drive.google.com/file/d/1GRqaydI0zKnYBIgrqCLkFmbB3CpDfZo8/view?usp=drive_web,1GRqaydI0zKnYBIgrqCLkFmbB3CpDfZo8,grade11_mathematical_literacy_papers\2023\MATHS LIT P1 QP GR11 NOV2023_Afrikaans D.pdf
2023,Eastern Cape November Exam,https://drive.google.com/embeddedfolderview?id=175IhJvAUAmOnP4krk6p4o4_yiQkl60C1#list,MATHS LIT P1 QP GR11 NOV2023_Afrikaans.pdf,https://drive.google.com/file/d/1n9UDLRnsKRo-xWtpi7JEgChGXZctHIqp/view?usp=drive_web,1n9UDLRnsKRo-xWtpi7JEgChGXZctHIqp,grade11_mathematical_literacy_papers\2023\MATHS LIT P1 QP GR11 NOV2023_Afrikaans.pdf
2023,Eastern Cape November Exam,https://drive.google.com/embeddedfolderview?id=175IhJvAUAmOnP4krk6p4o4_yiQkl60C1#list,MATHS LIT P1 QP GR11 NOV2023_English D.pdf,https://drive.google.com/file/d/1IYJo3iMbu1ZEApGSPvijrdp4LfzyzsnB/view?usp=drive_web,1IYJo3iMbu1ZEApGSPvijrdp4LfzyzsnB,grade11_mathematical_literacy_papers\2023\MATHS LIT P1 QP GR11 NOV2023_English D.pdf
2023,Eastern Cape November Exam,https://drive.google.com/embeddedfolderview?id=175IhJvAUAmOnP4krk6p4o4_yiQkl60C1#list,MATHS LIT P1 QP GR11 NOV2023_English.pdf,https://drive.google.com/file/d/1fGQv8WrA1uIkLboYGX07lCm2itlvm4Dm/view?usp=drive_web,1fGQv8WrA1uIkLboYGX07lCm2itlvm4Dm,grade11_mathematical_literacy_papers\2023\MATHS LIT P1 QP GR11 NOV2023_English.pdf
2023,Eastern Cape November Exam,https://drive.google.com/embeddedfolderview?id=175IhJvAUAmOnP4krk6p4o4_yiQkl60C1#list,MATHS LIT P2 MEMO GR11 NOV2023_Afrikaans.pdf,https://drive.google.com/file/d/1hJuem2xVg2_bbs7O1ZF7p7qfshGwEN-n/view?usp=drive_web,1hJuem2xVg2_bbs7O1ZF7p7qfshGwEN-n,grade11_mathematical_literacy_papers\2023\MATHS LIT P2 MEMO GR11 NOV2023_Afrikaans.pdf
2023,Eastern Cape November Exam,https://drive.google.com/embeddedfolderview?id=175IhJvAUAmOnP4krk6p4o4_yiQkl60C1#list,MATHS LIT P2 MEMO GR11 NOVEMBER 2023_English.pdf,https://drive.google.com/file/d/1ABho9cscnaCYFSJ-Nt_iB3F6ava2VGQF/view?usp=drive_web,1ABho9cscnaCYFSJ-Nt_iB3F6ava2VGQF,grade11_mathematical_literacy_papers\2023\MATHS LIT P2 MEMO GR11 NOVEMBER 2023_English.pdf
2023,Eastern Cape November Exam,https://drive.google.com/embeddedfolderview?id=175IhJvAUAmOnP4krk6p4o4_yiQkl60C1#list,MATHS LIT P2 QP GR11 NOV 2023_Afrikaans D.pdf,https://drive.google.com/file/d/1z2LMbtHpsnBiONseP-Zi9pYzEHfaT4Gs/view?usp=drive_web,1z2LMbtHpsnBiONseP-Zi9pYzEHfaT4Gs,grade11_mathematical_literacy_papers\2023\MATHS LIT P2 QP GR11 NOV 2023_Afrikaans D.pdf
2023,Eastern Cape November Exam,https://drive.google.com/embeddedfolderview?id=175IhJvAUAmOnP4krk6p4o4_yiQkl60C1#list,MATHS LIT P2 QP GR11 NOV 2023_Afrikaans.pdf,https://drive.google.com/file/d/1uUYTyU-CCGDLwx1mDs4DtEQ2fMjDLgU6/view?usp=drive_web,1uUYTyU-CCGDLwx1mDs4DtEQ2fMjDLgU6,grade11_mathematical_literacy_papers\2023\MATHS LIT P2 QP GR11 NOV 2023_Afrikaans.pdf
2023,Eastern Cape November Exam,https://drive.google.com/embeddedfolderview?id=175IhJvAUAmOnP4krk6p4o4_yiQkl60C1#list,MATHS LIT P2 QP GR11 NOV 2023_Deaf.pdf,https://drive.google.com/file/d/1aBXFA4wM2Jc5iG6KdkmRk4DuuBinEwAy/view?usp=drive_web,1aBXFA4wM2Jc5iG6KdkmRk4DuuBinEwAy,grade11_mathematical_literacy_papers\2023\MATHS LIT P2 QP GR11 NOV 2023_Deaf.pdf
2023,Eastern Cape November Exam,https://drive.google.com/embeddedfolderview?id=175IhJvAUAmOnP4krk6p4o4_yiQkl60C1#list,MATHS LIT P2 QP GR11 NOV 2023_English D.pdf,https://drive.google.com/file/d/1Qv67wIg37aSQ6fGzR13D15UCimuKkGsH/view?usp=drive_web,1Qv67wIg37aSQ6fGzR13D15UCimuKkGsH,grade11_mathematical_literacy_papers\2023\MATHS LIT P2 QP GR11 NOV 2023_English D.pdf
2023,Eastern Cape November Exam,https://drive.google.com/embeddedfolderview?id=175IhJvAUAmOnP4krk6p4o4_yiQkl60C1#list,MATHS LIT P2 QP GR11 NOV 2023_English.pdf,https://drive.google.com/file/d/1ibDw2nxf9yAKq6k3CVfD6COMKak17LVX/view?usp=drive_web,1ibDw2nxf9yAKq6k3CVfD6COMKak17LVX,grade11_mathematical_literacy_papers\2023\MATHS LIT P2 QP GR11 NOV 2023_English.pdf
2022,March Test,https://drive.google.com/embeddedfolderview?id=1fOtPp6zuu0x0Olx_ruM7Q5m0iSoDd8IB#list,Maths-Lit-Gr11-March-2022-QP-and-Memo.pdf,https://drive.google.com/file/d/1hWfSV2ZLBseAQWHvqV2B3ITJxpXwZxVq/view?usp=drive_web,1hWfSV2ZLBseAQWHvqV2B3ITJxpXwZxVq,grade11_mathematical_literacy_papers\2022\Maths-Lit-Gr11-March-2022-QP-and-Memo.pdf
2022,Eastern Cape November Exam,https://drive.google.com/embeddedfolderview?id=1UOGqRX0UgFJRtSHvmztpi6lyK8o9HBDN#list,MATHS LIT GR11 P2 MEMO NOV2022_Afrikaans.pdf,https://drive.google.com/file/d/1m8eZdl059tHCV_npAjizV7IyCYb_exer/view?usp=drive_web,1m8eZdl059tHCV_npAjizV7IyCYb_exer,grade11_mathematical_literacy_papers\2022\MATHS LIT GR11 P2 MEMO NOV2022_Afrikaans.pdf
2022,Eastern Cape November Exam,https://drive.google.com/embeddedfolderview?id=1UOGqRX0UgFJRtSHvmztpi6lyK8o9HBDN#list,MATHS LIT GR11 P2 MEMO NOV2022_English.pdf,https://drive.google.com/file/d/1DAbzE0kg0bXJ_Xdw_1MpWVy8Xb8CpC80/view?usp=drive_web,1DAbzE0kg0bXJ_Xdw_1MpWVy8Xb8CpC80,grade11_mathematical_literacy_papers\2022\MATHS LIT GR11 P2 MEMO NOV2022_English.pdf
2022,Eastern Cape November Exam,https://drive.google.com/embeddedfolderview?id=1UOGqRX0UgFJRtSHvmztpi6lyK8o9HBDN#list,MATHS LIT P1 GR11 QP NOV2022_Afrikaans.pdf,https://drive.google.com/file/d/1bMDEHAtxCu_G61eQu1_2hQcGyc6B3xUe/view?usp=drive_web,1bMDEHAtxCu_G61eQu1_2hQcGyc6B3xUe,grade11_mathematical_literacy_papers\2022\MATHS LIT P1 GR11 QP NOV2022_Afrikaans.pdf
2022,Eastern Cape November Exam,https://drive.google.com/embeddedfolderview?id=1UOGqRX0UgFJRtSHvmztpi6lyK8o9HBDN#list,MATHS LIT P1 GR11 QP NOV2022_English.pdf,https://drive.google.com/file/d/1ki-LXxUW9xjVg_CxmrBCdVtlxsxVfzAk/view?usp=drive_web,1ki-LXxUW9xjVg_CxmrBCdVtlxsxVfzAk,grade11_mathematical_literacy_papers\2022\MATHS LIT P1 GR11 QP NOV2022_English.pdf
2022,Eastern Cape November Exam,https://drive.google.com/embeddedfolderview?id=1UOGqRX0UgFJRtSHvmztpi6lyK8o9HBDN#list,MATHS LIT P2 QP GR11 NOV2022_English.pdf,https://drive.google.com/file/d/1qKs8yg_eLH2M7z-nswIN9YVRcrEhT-nX/view?usp=drive_web,1qKs8yg_eLH2M7z-nswIN9YVRcrEhT-nX,grade11_mathematical_literacy_papers\2022\MATHS LIT P2 QP GR11 NOV2022_English.pdf
2022,Eastern Cape November Exam,https://drive.google.com/embeddedfolderview?id=1UOGqRX0UgFJRtSHvmztpi6lyK8o9HBDN#list,MATHS LIT P2 QP GR12 NOV2022_Afrikaans.pdf,https://drive.google.com/file/d/1qEHskmhEys9fl-7AnGRw3R94ceQ7mU_t/view?usp=drive_web,1qEHskmhEys9fl-7AnGRw3R94ceQ7mU_t,grade11_mathematical_literacy_papers\2022\MATHS LIT P2 QP GR12 NOV2022_Afrikaans.pdf
2022,Eastern Cape November Exam,https://drive.google.com/embeddedfolderview?id=1UOGqRX0UgFJRtSHvmztpi6lyK8o9HBDN#list,MATS LIT P1 GR11 MEMO NOV2022_Afrikaans.pdf,https://drive.google.com/file/d/1ohk1_FZOhoTHPyk96wp8AuBUs5n6Letl/view?usp=drive_web,1ohk1_FZOhoTHPyk96wp8AuBUs5n6Letl,grade11_mathematical_literacy_papers\2022\MATS LIT P1 GR11 MEMO NOV2022_Afrikaans.pdf
2022,Eastern Cape November Exam,https://drive.google.com/embeddedfolderview?id=1UOGqRX0UgFJRtSHvmztpi6lyK8o9HBDN#list,MATS LIT P1 GR11 MEMO NOV2022_English.pdf,https://drive.google.com/file/d/1Jxh6uRHnMIoIDU5RIQYrp9lna3KKB_k9/view?usp=drive_web,1Jxh6uRHnMIoIDU5RIQYrp9lna3KKB_k9,grade11_mathematical_literacy_papers\2022\MATS LIT P1 GR11 MEMO NOV2022_English.pdf
2021,April Test,https://drive.google.com/embeddedfolderview?id=1OKn1v8yQvjbIOq03_RkEKt06aHUEv8u3#list,Maths-Lit-April-2021-QP & Memo.pdf,https://drive.google.com/file/d/1iK1jRYLu6zRU18xoDIVHSAHZIaXp0cgQ/view?usp=drive_web,1iK1jRYLu6zRU18xoDIVHSAHZIaXp0cgQ,grade11_mathematical_literacy_papers\2021\Maths-Lit-April-2021-QP Memo.pdf
2021,KZN June Exam,https://drive.google.com/embeddedfolderview?id=1xRVEjvjBItB0y_71S4fykKC-Pa03-hhO#list,Maths-Literacy-Grade-11-June-2021-QP-only.pdf,https://drive.google.com/file/d/1d_u0dvNmqlXQFSpMCAbXgtetdXUFN6Yf/view?usp=drive_web,1d_u0dvNmqlXQFSpMCAbXgtetdXUFN6Yf,grade11_mathematical_literacy_papers\2021\Maths-Literacy-Grade-11-June-2021-QP-only.pdf
2020,March Test,https://drive.google.com/embeddedfolderview?id=14Sdots3AnQjDXlyldl2cB8aLwZjlHMDX#list,Maths-Lit-March-QP & Memo-2020.pdf,https://drive.google.com/file/d/1bKWAfklA3GmMfP8KjU_p-polb4OOZ0es/view?usp=drive_web,1bKWAfklA3GmMfP8KjU_p-polb4OOZ0es,grade11_mathematical_literacy_papers\2020\Maths-Lit-March-QP Memo-2020.pdf
2020,National Exemplar November Exam,https://drive.google.com/embeddedfolderview?id=1CYp2N4hGx_tspkvmvWmmmgTuqJ_8XBOL#list,MATHS LIT P1 GR11 MEMO NOV2020 AFR D.pdf,https://drive.google.com/file/d/1lmIO00jepJIZ5Vf_qG0pWt8AEkiI7aV6/view?usp=drive_web,1lmIO00jepJIZ5Vf_qG0pWt8AEkiI7aV6,grade11_mathematical_literacy_papers\2020\MATHS LIT P1 GR11 MEMO NOV2020 AFR D.pdf
2020,National Exemplar November Exam,https://drive.google.com/embeddedfolderview?id=1CYp2N4hGx_tspkvmvWmmmgTuqJ_8XBOL#list,MATHS LIT P1 GR11 MEMO NOV2020 ENG D.pdf,https://drive.google.com/file/d/1m2ulHQasKf1oUw-eOOimDn52x7RfP4o_/view?usp=drive_web,1m2ulHQasKf1oUw-eOOimDn52x7RfP4o_,grade11_mathematical_literacy_papers\2020\MATHS LIT P1 GR11 MEMO NOV2020 ENG D.pdf
2020,National Exemplar November Exam,https://drive.google.com/embeddedfolderview?id=1CYp2N4hGx_tspkvmvWmmmgTuqJ_8XBOL#list,MATHS LIT P1 GR11 MEMO NOV2020_Afrikaans.pdf,https://drive.google.com/file/d/1DClEOzVyrK2T-d-f3LVNxwvFkdIhx4qx/view?usp=drive_web,1DClEOzVyrK2T-d-f3LVNxwvFkdIhx4qx,grade11_mathematical_literacy_papers\2020\MATHS LIT P1 GR11 MEMO NOV2020_Afrikaans.pdf
2020,National Exemplar November Exam,https://drive.google.com/embeddedfolderview?id=1CYp2N4hGx_tspkvmvWmmmgTuqJ_8XBOL#list,MATHS LIT P1 GR11 MEMO NOV2020_English.pdf,https://drive.google.com/file/d/1XlLI7EhqYla1reYjk2kj93gBL_WAnFSU/view?usp=drive_web,1XlLI7EhqYla1reYjk2kj93gBL_WAnFSU,grade11_mathematical_literacy_papers\2020\MATHS LIT P1 GR11 MEMO NOV2020_English.pdf
2020,National Exemplar November Exam,https://drive.google.com/embeddedfolderview?id=1CYp2N4hGx_tspkvmvWmmmgTuqJ_8XBOL#list,MATHS LIT P1 GR11 QP MEMO NOV2020 AFR D.pdf,https://drive.google.com/file/d/1l-6gVzDJjXe5IgN7W9OWIj0tkAYIBRVv/view?usp=drive_web,1l-6gVzDJjXe5IgN7W9OWIj0tkAYIBRVv,grade11_mathematical_literacy_papers\2020\MATHS LIT P1 GR11 QP MEMO NOV2020 AFR D.pdf
2020,National Exemplar November Exam,https://drive.google.com/embeddedfolderview?id=1CYp2N4hGx_tspkvmvWmmmgTuqJ_8XBOL#list,MATHS LIT P1 GR11 QP MEMO NOV2020 ENG D.pdf,https://drive.google.com/file/d/155uAyQVYNN0SAKPYcqzCqmOOgcB3A-AS/view?usp=drive_web,155uAyQVYNN0SAKPYcqzCqmOOgcB3A-AS,grade11_mathematical_literacy_papers\2020\MATHS LIT P1 GR11 QP MEMO NOV2020 ENG D.pdf
2020,National Exemplar November Exam,https://drive.google.com/embeddedfolderview?id=1CYp2N4hGx_tspkvmvWmmmgTuqJ_8XBOL#list,MATHS LIT P1 GR11 QP NOV2020 AFR D.pdf,https://drive.google.com/file/d/1cfgXbZbqws1H-3c900cIYsedl4-mR-0l/view?usp=drive_web,1cfgXbZbqws1H-3c900cIYsedl4-mR-0l,grade11_mathematical_literacy_papers\2020\MATHS LIT P1 GR11 QP NOV2020 AFR D.pdf
2020,National Exemplar November Exam,https://drive.google.com/embeddedfolderview?id=1CYp2N4hGx_tspkvmvWmmmgTuqJ_8XBOL#list,MATHS LIT P1 GR11 QP NOV2020 ENG D.pdf,https://drive.google.com/file/d/1NMfrcN9LsLfR55RDUzLKSQfsOUP-9Gsg/view?usp=drive_web,1NMfrcN9LsLfR55RDUzLKSQfsOUP-9Gsg,grade11_mathematical_literacy_papers\2020\MATHS LIT P1 GR11 QP NOV2020 ENG D.pdf
2020,National Exemplar November Exam,https://drive.google.com/embeddedfolderview?id=1CYp2N4hGx_tspkvmvWmmmgTuqJ_8XBOL#list,MATHS LIT P1 GR11 QP NOV2020_Afrikaans.pdf,https://drive.google.com/file/d/1EsRjEJCn44CSkhfJ3WeATZr6hIYZndKC/view?usp=drive_web,1EsRjEJCn44CSkhfJ3WeATZr6hIYZndKC,grade11_mathematical_literacy_papers\2020\MATHS LIT P1 GR11 QP NOV2020_Afrikaans.pdf
2020,National Exemplar November Exam,https://drive.google.com/embeddedfolderview?id=1CYp2N4hGx_tspkvmvWmmmgTuqJ_8XBOL#list,MATHS LIT P1 GR11 QP NOV2020_English.docx.pdf,https://drive.google.com/file/d/1oY_e3kTFNDwVfeNm47u469O-43APosXm/view?usp=drive_web,1oY_e3kTFNDwVfeNm47u469O-43APosXm,grade11_mathematical_literacy_papers\2020\MATHS LIT P1 GR11 QP NOV2020_English.docx.pdf
2020,National Exemplar November Exam,https://drive.google.com/embeddedfolderview?id=1CYp2N4hGx_tspkvmvWmmmgTuqJ_8XBOL#list,MATHS LIT P1 GR11 QP NOV2020_English.pdf,https://drive.google.com/file/d/1Q7OgDqJLxNi1Y6BhRWCQesKZK7Qe7iLP/view?usp=drive_web,1Q7OgDqJLxNi1Y6BhRWCQesKZK7Qe7iLP,grade11_mathematical_literacy_papers\2020\MATHS LIT P1 GR11 QP NOV2020_English.pdf
2020,National Exemplar November Exam,https://drive.google.com/embeddedfolderview?id=1CYp2N4hGx_tspkvmvWmmmgTuqJ_8XBOL#list,MATHS LIT P2 GR11 ADD NOV2020 AFR D.pdf,https://drive.google.com/file/d/15sYEuf4MGLHqwNx673S8c6YGYlTe4NQU/view?usp=drive_web,15sYEuf4MGLHqwNx673S8c6YGYlTe4NQU,grade11_mathematical_literacy_papers\2020\MATHS LIT P2 GR11 ADD NOV2020 AFR D.pdf
2020,National Exemplar November Exam,https://drive.google.com/embeddedfolderview?id=1CYp2N4hGx_tspkvmvWmmmgTuqJ_8XBOL#list,MATHS LIT P2 GR11 ADD NOV2020 ENG D.pdf,https://drive.google.com/file/d/1BagLmIy6JIn_TE36SPzp_SVUmVEQKZb1/view?usp=drive_web,1BagLmIy6JIn_TE36SPzp_SVUmVEQKZb1,grade11_mathematical_literacy_papers\2020\MATHS LIT P2 GR11 ADD NOV2020 ENG D.pdf
2020,National Exemplar November Exam,https://drive.google.com/embeddedfolderview?id=1CYp2N4hGx_tspkvmvWmmmgTuqJ_8XBOL#list,MATHS LIT P2 GR11 ADD NOV2020_Afrikaans.pdf,https://drive.google.com/file/d/1kybTq0V8HTqIck5VO8jL9cLe_DjrHrpL/view?usp=drive_web,1kybTq0V8HTqIck5VO8jL9cLe_DjrHrpL,grade11_mathematical_literacy_papers\2020\MATHS LIT P2 GR11 ADD NOV2020_Afrikaans.pdf
2020,National Exemplar November Exam,https://drive.google.com/embeddedfolderview?id=1CYp2N4hGx_tspkvmvWmmmgTuqJ_8XBOL#list,MATHS LIT P2 GR11 ADD NOV2020_English.pdf,https://drive.google.com/file/d/128ie3fMTjfkKeMHyuFvTmVWNfZLseGPC/view?usp=drive_web,128ie3fMTjfkKeMHyuFvTmVWNfZLseGPC,grade11_mathematical_literacy_papers\2020\MATHS LIT P2 GR11 ADD NOV2020_English.pdf
2020,National Exemplar November Exam,https://drive.google.com/embeddedfolderview?id=1CYp2N4hGx_tspkvmvWmmmgTuqJ_8XBOL#list,MATHS LIT P2 MEMO GR11 NOV2020 AFR D.pdf,https://drive.google.com/file/d/1itCfgk04v6RncJIHf5haEfBpmzLURyzV/view?usp=drive_web,1itCfgk04v6RncJIHf5haEfBpmzLURyzV,grade11_mathematical_literacy_papers\2020\MATHS LIT P2 MEMO GR11 NOV2020 AFR D.pdf
2020,National Exemplar November Exam,https://drive.google.com/embeddedfolderview?id=1CYp2N4hGx_tspkvmvWmmmgTuqJ_8XBOL#list,MATHS LIT P2 MEMO GR11 NOV2020 ENG D.pdf,https://drive.google.com/file/d/1C4N-PNxN7gcqrwnCKSw-WTNxjabkpPPT/view?usp=drive_web,1C4N-PNxN7gcqrwnCKSw-WTNxjabkpPPT,grade11_mathematical_literacy_papers\2020\MATHS LIT P2 MEMO GR11 NOV2020 ENG D.pdf
2020,National Exemplar November Exam,https://drive.google.com/embeddedfolderview?id=1CYp2N4hGx_tspkvmvWmmmgTuqJ_8XBOL#list,MATHS LIT P2 MEMO GR11 NOV2020_Afrikaans.pdf,https://drive.google.com/file/d/1IjiXGTyyJD2VbeCuxMj-psVoqDGRWx-O/view?usp=drive_web,1IjiXGTyyJD2VbeCuxMj-psVoqDGRWx-O,grade11_mathematical_literacy_papers\2020\MATHS LIT P2 MEMO GR11 NOV2020_Afrikaans.pdf
2020,National Exemplar November Exam,https://drive.google.com/embeddedfolderview?id=1CYp2N4hGx_tspkvmvWmmmgTuqJ_8XBOL#list,MATHS LIT P2 MEMO GR11 NOV2020_English.docx.pdf,https://drive.google.com/file/d/1IhFd4kXNybSCErzG1KTxLUGrLjHKHgB9/view?usp=drive_web,1IhFd4kXNybSCErzG1KTxLUGrLjHKHgB9,grade11_mathematical_literacy_papers\2020\MATHS LIT P2 MEMO GR11 NOV2020_English.docx.pdf
2020,National Exemplar November Exam,https://drive.google.com/embeddedfolderview?id=1CYp2N4hGx_tspkvmvWmmmgTuqJ_8XBOL#list,MATHS LIT P2 QP ADDEN MEMO GR11 NOV 2020 AFR D.pdf,https://drive.google.com/file/d/1b7G1u9LFgDNPVznWz3i-EJ7dzTEhIJdO/view?usp=drive_web,1b7G1u9LFgDNPVznWz3i-EJ7dzTEhIJdO,grade11_mathematical_literacy_papers\2020\MATHS LIT P2 QP ADDEN MEMO GR11 NOV 2020 AFR D.pdf
2020,National Exemplar November Exam,https://drive.google.com/embeddedfolderview?id=1CYp2N4hGx_tspkvmvWmmmgTuqJ_8XBOL#list,MATHS LIT P2 QP ADDEN MEMO GR11 NOV 2020 ENG D.pdf,https://drive.google.com/file/d/1OQ-UZCou3rZt6svE-i5t9ahA7KCLE0Qf/view?usp=drive_web,1OQ-UZCou3rZt6svE-i5t9ahA7KCLE0Qf,grade11_mathematical_literacy_papers\2020\MATHS LIT P2 QP ADDEN MEMO GR11 NOV 2020 ENG D.pdf
2020,National Exemplar November Exam,https://drive.google.com/embeddedfolderview?id=1CYp2N4hGx_tspkvmvWmmmgTuqJ_8XBOL#list,MATHS LIT P2 QP GR11 NOV 2020_Afrikaans.pdf,https://drive.google.com/file/d/1GaMOmLjwea__BzVQSSc4RgduMOtZSKGf/view?usp=drive_web,1GaMOmLjwea__BzVQSSc4RgduMOtZSKGf,grade11_mathematical_literacy_papers\2020\MATHS LIT P2 QP GR11 NOV 2020_Afrikaans.pdf
2020,Eastern Cape November Exam,https://drive.google.com/embeddedfolderview?id=1hhn1io64d81l5NYcOdp6fjjiaMiLgWiU#list,MATHS LIT P1 GR11 MEMO NOV2020 AFR D.pdf,https://drive.google.com/file/d/1V3ZeVbVuvARpnmA5ZojwtxcGQx_zc5-J/view?usp=drive_web,1V3ZeVbVuvARpnmA5ZojwtxcGQx_zc5-J,grade11_mathematical_literacy_papers\2020\MATHS LIT P1 GR11 MEMO NOV2020 AFR D.pdf
2020,Eastern Cape November Exam,https://drive.google.com/embeddedfolderview?id=1hhn1io64d81l5NYcOdp6fjjiaMiLgWiU#list,MATHS LIT P1 GR11 MEMO NOV2020 ENG D.pdf,https://drive.google.com/file/d/15UOW0s6EMm0IJCImrJJzAIrwOFyXOH56/view?usp=drive_web,15UOW0s6EMm0IJCImrJJzAIrwOFyXOH56,grade11_mathematical_literacy_papers\2020\MATHS LIT P1 GR11 MEMO NOV2020 ENG D.pdf
2020,Eastern Cape November Exam,https://drive.google.com/embeddedfolderview?id=1hhn1io64d81l5NYcOdp6fjjiaMiLgWiU#list,MATHS LIT P1 GR11 MEMO NOV2020_Afrikaans.pdf,https://drive.google.com/file/d/1B7cBrtkYjMMTI925vTwkeyVvJ1QzgOTx/view?usp=drive_web,1B7cBrtkYjMMTI925vTwkeyVvJ1QzgOTx,grade11_mathematical_literacy_papers\2020\MATHS LIT P1 GR11 MEMO NOV2020_Afrikaans.pdf
2020,Eastern Cape November Exam,https://drive.google.com/embeddedfolderview?id=1hhn1io64d81l5NYcOdp6fjjiaMiLgWiU#list,MATHS LIT P1 GR11 MEMO NOV2020_English.pdf,https://drive.google.com/file/d/1DyoivMxMo3cm3YfYH-RaFcW7t5CKfhjm/view?usp=drive_web,1DyoivMxMo3cm3YfYH-RaFcW7t5CKfhjm,grade11_mathematical_literacy_papers\2020\MATHS LIT P1 GR11 MEMO NOV2020_English.pdf
2020,Eastern Cape November Exam,https://drive.google.com/embeddedfolderview?id=1hhn1io64d81l5NYcOdp6fjjiaMiLgWiU#list,MATHS LIT P1 GR11 QP MEMO NOV2020 AFR D.pdf,https://drive.google.com/file/d/1EsFgJDbIzAEHZfkhgplHhNTN3oiQcqoP/view?usp=drive_web,1EsFgJDbIzAEHZfkhgplHhNTN3oiQcqoP,grade11_mathematical_literacy_papers\2020\MATHS LIT P1 GR11 QP MEMO NOV2020 AFR D.pdf
2020,Eastern Cape November Exam,https://drive.google.com/embeddedfolderview?id=1hhn1io64d81l5NYcOdp6fjjiaMiLgWiU#list,MATHS LIT P1 GR11 QP MEMO NOV2020 ENG D.pdf,https://drive.google.com/file/d/1PgY8k4Avt4CJ_QEVzTMyqYkA1fb-bhka/view?usp=drive_web,1PgY8k4Avt4CJ_QEVzTMyqYkA1fb-bhka,grade11_mathematical_literacy_papers\2020\MATHS LIT P1 GR11 QP MEMO NOV2020 ENG D.pdf
2020,Eastern Cape November Exam,https://drive.google.com/embeddedfolderview?id=1hhn1io64d81l5NYcOdp6fjjiaMiLgWiU#list,MATHS LIT P1 GR11 QP NOV2020 AFR D.pdf,https://drive.google.com/file/d/1mknakHhfirjSz5sxEVm_KB_btwxbGx0N/view?usp=drive_web,1mknakHhfirjSz5sxEVm_KB_btwxbGx0N,grade11_mathematical_literacy_papers\2020\MATHS LIT P1 GR11 QP NOV2020 AFR D.pdf
2020,Eastern Cape November Exam,https://drive.google.com/embeddedfolderview?id=1hhn1io64d81l5NYcOdp6fjjiaMiLgWiU#list,MATHS LIT P1 GR11 QP NOV2020 ENG D.pdf,https://drive.google.com/file/d/1v1wSF7z5Sig9QGsdR8GNTwaXzeQG3Deo/view?usp=drive_web,1v1wSF7z5Sig9QGsdR8GNTwaXzeQG3Deo,grade11_mathematical_literacy_papers\2020\MATHS LIT P1 GR11 QP NOV2020 ENG D.pdf
2020,Eastern Cape November Exam,https://drive.google.com/embeddedfolderview?id=1hhn1io64d81l5NYcOdp6fjjiaMiLgWiU#list,MATHS LIT P1 GR11 QP NOV2020_Afrikaans.pdf,https://drive.google.com/file/d/1nfb-5dFK2xfBto42gmkuE6Y7y6I5ucbK/view?usp=drive_web,1nfb-5dFK2xfBto42gmkuE6Y7y6I5ucbK,grade11_mathematical_literacy_papers\2020\MATHS LIT P1 GR11 QP NOV2020_Afrikaans.pdf
2020,Eastern Cape November Exam,https://drive.google.com/embeddedfolderview?id=1hhn1io64d81l5NYcOdp6fjjiaMiLgWiU#list,MATHS LIT P1 GR11 QP NOV2020_English.docx.pdf,https://drive.google.com/file/d/1N9HZe0q5RrT4zFKiBPv5BomKksysrpai/view?usp=drive_web,1N9HZe0q5RrT4zFKiBPv5BomKksysrpai,grade11_mathematical_literacy_papers\2020\MATHS LIT P1 GR11 QP NOV2020_English.docx.pdf
2020,Eastern Cape November Exam,https://drive.google.com/embeddedfolderview?id=1hhn1io64d81l5NYcOdp6fjjiaMiLgWiU#list,MATHS LIT P1 GR11 QP NOV2020_English.pdf,https://drive.google.com/file/d/1e1shCfieYXBtIW29l3T2FaQF_76tnaKB/view?usp=drive_web,1e1shCfieYXBtIW29l3T2FaQF_76tnaKB,grade11_mathematical_literacy_papers\2020\MATHS LIT P1 GR11 QP NOV2020_English.pdf
2020,Eastern Cape November Exam,https://drive.google.com/embeddedfolderview?id=1hhn1io64d81l5NYcOdp6fjjiaMiLgWiU#list,MATHS LIT P2 GR11 ADD NOV2020 AFR D.pdf,https://drive.google.com/file/d/1RIFxBFil-wKYKu5Mkfv1BMvEZBjCyT0x/view?usp=drive_web,1RIFxBFil-wKYKu5Mkfv1BMvEZBjCyT0x,grade11_mathematical_literacy_papers\2020\MATHS LIT P2 GR11 ADD NOV2020 AFR D.pdf
2020,Eastern Cape November Exam,https://drive.google.com/embeddedfolderview?id=1hhn1io64d81l5NYcOdp6fjjiaMiLgWiU#list,MATHS LIT P2 GR11 ADD NOV2020 ENG D.pdf,https://drive.google.com/file/d/1nxX9MAKoKDu7idJ_OJnBfrpZ_UCfNvVZ/view?usp=drive_web,1nxX9MAKoKDu7idJ_OJnBfrpZ_UCfNvVZ,grade11_mathematical_literacy_papers\2020\MATHS LIT P2 GR11 ADD NOV2020 ENG D.pdf
2020,Eastern Cape November Exam,https://drive.google.com/embeddedfolderview?id=1hhn1io64d81l5NYcOdp6fjjiaMiLgWiU#list,MATHS LIT P2 GR11 ADD NOV2020_Afrikaans.pdf,https://drive.google.com/file/d/1tqUHu0zDUs3ucytVMkDbk1jU6OK-2K-C/view?usp=drive_web,1tqUHu0zDUs3ucytVMkDbk1jU6OK-2K-C,grade11_mathematical_literacy_papers\2020\MATHS LIT P2 GR11 ADD NOV2020_Afrikaans.pdf
2020,Eastern Cape November Exam,https://drive.google.com/embeddedfolderview?id=1hhn1io64d81l5NYcOdp6fjjiaMiLgWiU#list,MATHS LIT P2 GR11 ADD NOV2020_English.pdf,https://drive.google.com/file/d/1yKIFsNhAVEvYqxkSVR6On765lNhRUEe1/view?usp=drive_web,1yKIFsNhAVEvYqxkSVR6On765lNhRUEe1,grade11_mathematical_literacy_papers\2020\MATHS LIT P2 GR11 ADD NOV2020_English.pdf
2020,Eastern Cape November Exam,https://drive.google.com/embeddedfolderview?id=1hhn1io64d81l5NYcOdp6fjjiaMiLgWiU#list,MATHS LIT P2 MEMO GR11 NOV2020 AFR D.pdf,https://drive.google.com/file/d/1M0p6C080Rw8-37L_1-SXqRN4jj__6E41/view?usp=drive_web,1M0p6C080Rw8-37L_1-SXqRN4jj__6E41,grade11_mathematical_literacy_papers\2020\MATHS LIT P2 MEMO GR11 NOV2020 AFR D.pdf
2020,Eastern Cape November Exam,https://drive.google.com/embeddedfolderview?id=1hhn1io64d81l5NYcOdp6fjjiaMiLgWiU#list,MATHS LIT P2 MEMO GR11 NOV2020 ENG D.pdf,https://drive.google.com/file/d/10VKMa6-pIw8tC1kzGn3i_Nlbze56GSpj/view?usp=drive_web,10VKMa6-pIw8tC1kzGn3i_Nlbze56GSpj,grade11_mathematical_literacy_papers\2020\MATHS LIT P2 MEMO GR11 NOV2020 ENG D.pdf
2020,Eastern Cape November Exam,https://drive.google.com/embeddedfolderview?id=1hhn1io64d81l5NYcOdp6fjjiaMiLgWiU#list,MATHS LIT P2 MEMO GR11 NOV2020_Afrikaans.pdf,https://drive.google.com/file/d/1FS4QqYrF5I9vm923W2g-xEqoLFlHTaKx/view?usp=drive_web,1FS4QqYrF5I9vm923W2g-xEqoLFlHTaKx,grade11_mathematical_literacy_papers\2020\MATHS LIT P2 MEMO GR11 NOV2020_Afrikaans.pdf
2020,Eastern Cape November Exam,https://drive.google.com/embeddedfolderview?id=1hhn1io64d81l5NYcOdp6fjjiaMiLgWiU#list,MATHS LIT P2 MEMO GR11 NOV2020_English.docx.pdf,https://drive.google.com/file/d/11gg4BiGS4lEqXw5kWqkQpJUjDzphclvE/view?usp=drive_web,11gg4BiGS4lEqXw5kWqkQpJUjDzphclvE,grade11_mathematical_literacy_papers\2020\MATHS LIT P2 MEMO GR11 NOV2020_English.docx.pdf
2020,Eastern Cape November Exam,https://drive.google.com/embeddedfolderview?id=1hhn1io64d81l5NYcOdp6fjjiaMiLgWiU#list,MATHS LIT P2 QP ADDEN MEMO GR11 NOV 2020 AFR D.pdf,https://drive.google.com/file/d/1WOSETlS72IWWTqFB-8ALY6ZqKybTqwc-/view?usp=drive_web,1WOSETlS72IWWTqFB-8ALY6ZqKybTqwc-,grade11_mathematical_literacy_papers\2020\MATHS LIT P2 QP ADDEN MEMO GR11 NOV 2020 AFR D.pdf
2020,Eastern Cape November Exam,https://drive.google.com/embeddedfolderview?id=1hhn1io64d81l5NYcOdp6fjjiaMiLgWiU#list,MATHS LIT P2 QP ADDEN MEMO GR11 NOV 2020 ENG D.pdf,https://drive.google.com/file/d/19aLm3UoAwf-b0QhdA_6gGBYJr5V3kV96/view?usp=drive_web,19aLm3UoAwf-b0QhdA_6gGBYJr5V3kV96,grade11_mathematical_literacy_papers\2020\MATHS LIT P2 QP ADDEN MEMO GR11 NOV 2020 ENG D.pdf
2020,Eastern Cape November Exam,https://drive.google.com/embeddedfolderview?id=1hhn1io64d81l5NYcOdp6fjjiaMiLgWiU#list,MATHS LIT P2 QP GR11 NOV 2020_Afrikaans.pdf,https://drive.google.com/file/d/1-Oe84l9VOD-4sJ_ov9DYsmbLDwtVc5Pq/view?usp=drive_web,1-Oe84l9VOD-4sJ_ov9DYsmbLDwtVc5Pq,grade11_mathematical_literacy_papers\2020\MATHS LIT P2 QP GR11 NOV 2020_Afrikaans.pdf
2019,March Test,https://drive.google.com/embeddedfolderview?id=1-pRDfXNSVs9Q3cSSMh9T7wtEvgbF8dYH#list,Math-Lit-March-QP & Memo-2019.pdf,https://drive.google.com/file/d/10il06gSQM_GVYrzMiMdfZS8LOkACfxye/view?usp=drive_web,10il06gSQM_GVYrzMiMdfZS8LOkACfxye,grade11_mathematical_literacy_papers\2019\Math-Lit-March-QP Memo-2019.pdf
2019,KwaZulu-Natal June Exam,https://drive.google.com/embeddedfolderview?id=1LnJ2e6bXocrDRSlMkpMeLuYWinPa_6mI#list,MATHS LITERACY June-gr-11-M-LIT-2019-P1-and-Memo.pdf,https://drive.google.com/file/d/10egtm3jwDNqBNlnj49e08e2D3tQupd_R/view?usp=drive_web,10egtm3jwDNqBNlnj49e08e2D3tQupd_R,grade11_mathematical_literacy_papers\2019\MATHS LITERACY June-gr-11-M-LIT-2019-P1-and-Memo.pdf
2019,KwaZulu-Natal June Exam,https://drive.google.com/embeddedfolderview?id=1LnJ2e6bXocrDRSlMkpMeLuYWinPa_6mI#list,MATHS LITERACY June-gr-11-M-LIT-2019-P2-and-Memo.pdf,https://drive.google.com/file/d/1LbyRcJpdUmmQLZ_bRgXj-itz3X8VQUjA/view?usp=drive_web,1LbyRcJpdUmmQLZ_bRgXj-itz3X8VQUjA,grade11_mathematical_literacy_papers\2019\MATHS LITERACY June-gr-11-M-LIT-2019-P2-and-Memo.pdf
2019,North West June Exam,https://drive.google.com/embeddedfolderview?id=1JI-d442L7_xluHLVXF7WHwwwFIyKT5yn#list,Mathematical-Literacy-GR-11-MEMO-P1_.pdf,https://drive.google.com/file/d/10zGELYBWWT5haI5RYZ4V2qhnkZZZV-B8/view?usp=drive_web,10zGELYBWWT5haI5RYZ4V2qhnkZZZV-B8,grade11_mathematical_literacy_papers\2019\Mathematical-Literacy-GR-11-MEMO-P1_.pdf
2019,North West June Exam,https://drive.google.com/embeddedfolderview?id=1JI-d442L7_xluHLVXF7WHwwwFIyKT5yn#list,Mathematical-Literacy-GR-11-MEMO-Paper-2_.pdf,https://drive.google.com/file/d/1-99H1uaKMYc1Yt5X1_rDHra3xWMYBA88/view?usp=drive_web,1-99H1uaKMYc1Yt5X1_rDHra3xWMYBA88,grade11_mathematical_literacy_papers\2019\Mathematical-Literacy-GR-11-MEMO-Paper-2_.pdf
2019,North West June Exam,https://drive.google.com/embeddedfolderview?id=1JI-d442L7_xluHLVXF7WHwwwFIyKT5yn#list,Mathematical-Literacy-GR-11-Paper-1_.pdf,https://drive.google.com/file/d/1nMFUJkIIlYexfRyOmus-R0tspo21HZ40/view?usp=drive_web,1nMFUJkIIlYexfRyOmus-R0tspo21HZ40,grade11_mathematical_literacy_papers\2019\Mathematical-Literacy-GR-11-Paper-1_.pdf
2019,North West June Exam,https://drive.google.com/embeddedfolderview?id=1JI-d442L7_xluHLVXF7WHwwwFIyKT5yn#list,Mathematical-Literacy-GR-11-Paper-2-_.pdf,https://drive.google.com/file/d/13fWZet8UMTuRyCcKU-bX7itdA-2OOr17/view?usp=drive_web,13fWZet8UMTuRyCcKU-bX7itdA-2OOr17,grade11_mathematical_literacy_papers\2019\Mathematical-Literacy-GR-11-Paper-2-_.pdf
2019,September Test,https://drive.google.com/embeddedfolderview?id=1ajV19Acp116U9RySHSEGhZRd2wa2UWH_#list,Math-Lit-Sept-QP & Memo-2019.pdf,https://drive.google.com/file/d/1AKOiw4w_8jwbyIja9rCOIV-Lkinzwfk8/view?usp=drive_web,1AKOiw4w_8jwbyIja9rCOIV-Lkinzwfk8,grade11_mathematical_literacy_papers\2019\Math-Lit-Sept-QP Memo-2019.pdf
2019,KwaZulu-Natal November Exam,https://drive.google.com/embeddedfolderview?id=19_l_EhLp_xe3BUCQlh2NN6xKsEqZ4yVY#list,MATHS LITERACY NOV-2019-gr-11P1.pdf,https://drive.google.com/file/d/1pR2DbXPOnE5QmfLO_bCD-PGMu2IcfBjD/view?usp=drive_web,1pR2DbXPOnE5QmfLO_bCD-PGMu2IcfBjD,grade11_mathematical_literacy_papers\2019\MATHS LITERACY NOV-2019-gr-11P1.pdf
2019,KwaZulu-Natal November Exam,https://drive.google.com/embeddedfolderview?id=19_l_EhLp_xe3BUCQlh2NN6xKsEqZ4yVY#list,Maths-Lit-Nov-2019-Gr-11-P2-and-Memo.pdf,https://drive.google.com/file/d/1gWBLZuRhQuopoUN8pF5SBEKXeIQnWf7M/view?usp=drive_web,1gWBLZuRhQuopoUN8pF5SBEKXeIQnWf7M,grade11_mathematical_literacy_papers\2019\Maths-Lit-Nov-2019-Gr-11-P2-and-Memo.pdf
2018,March Test,https://drive.google.com/embeddedfolderview?id=1vFXywsq0DJc3HVbxIVaSkbonzdgnONED#list,Math-Lit-March-QP & Memo-2018.pdf,https://drive.google.com/file/d/1p72yTx3NqjS6huCrLG1RScwiHLbN3nQP/view?usp=drive_web,1p72yTx3NqjS6huCrLG1RScwiHLbN3nQP,grade11_mathematical_literacy_papers\2018\Math-Lit-March-QP Memo-2018.pdf
2018,KwaZulu-Natal June Exam,https://drive.google.com/embeddedfolderview?id=1w-9rMmjRDv2GqcDZnB77oGBtTVmOvuam#list,MATHS LITERACY -JUNE-P1-QPMEMO.pdf,https://drive.google.com/file/d/1kETTA1F9uPLH8XEYcsxDAKVVfjTdWoWJ/view?usp=drive_web,1kETTA1F9uPLH8XEYcsxDAKVVfjTdWoWJ,grade11_mathematical_literacy_papers\2018\MATHS LITERACY -JUNE-P1-QPMEMO.pdf
2018,KwaZulu-Natal June Exam,https://drive.google.com/embeddedfolderview?id=1w-9rMmjRDv2GqcDZnB77oGBtTVmOvuam#list,MATHS LITERACY-JUNE-P2-QPMEMO.pdf,https://drive.google.com/file/d/1YIo4vWYebdxOVwPK8W9N1pIxS0IYu0yW/view?usp=drive_web,1YIo4vWYebdxOVwPK8W9N1pIxS0IYu0yW,grade11_mathematical_literacy_papers\2018\MATHS LITERACY-JUNE-P2-QPMEMO.pdf
2018,North West June Exam,https://drive.google.com/embeddedfolderview?id=1SflEPs10srq3Pdz_yxWE0oN7XaT2XNv7#list,Mathematical-Literacy-GR-11-MEMO-P1_-1.pdf,https://drive.google.com/file/d/1hDo686hNy43r8CozIhVFQ328WBgajfgg/view?usp=drive_web,1hDo686hNy43r8CozIhVFQ328WBgajfgg,grade11_mathematical_literacy_papers\2018\Mathematical-Literacy-GR-11-MEMO-P1_-1.pdf
2018,North West June Exam,https://drive.google.com/embeddedfolderview?id=1SflEPs10srq3Pdz_yxWE0oN7XaT2XNv7#list,Mathematical-Literacy-GR-11-MEMO-Paper-2_-1.pdf,https://drive.google.com/file/d/1qvDBC4H4eZAtZoMEMXurFTSpFDrBk0UN/view?usp=drive_web,1qvDBC4H4eZAtZoMEMXurFTSpFDrBk0UN,grade11_mathematical_literacy_papers\2018\Mathematical-Literacy-GR-11-MEMO-Paper-2_-1.pdf
2018,North West June Exam,https://drive.google.com/embeddedfolderview?id=1SflEPs10srq3Pdz_yxWE0oN7XaT2XNv7#list,Mathematical-Literacy-GR-11-Paper-1_-1.pdf,https://drive.google.com/file/d/1uSfdxyWRJAHhDGPTjfe5evBb7FnwEGo8/view?usp=drive_web,1uSfdxyWRJAHhDGPTjfe5evBb7FnwEGo8,grade11_mathematical_literacy_papers\2018\Mathematical-Literacy-GR-11-Paper-1_-1.pdf
2018,North West June Exam,https://drive.google.com/embeddedfolderview?id=1SflEPs10srq3Pdz_yxWE0oN7XaT2XNv7#list,Mathematical-Literacy-GR-11-Paper-2-_-1.pdf,https://drive.google.com/file/d/16bkylmymm2--uEtIsYn2oqfaWBkKqFUy/view?usp=drive_web,16bkylmymm2--uEtIsYn2oqfaWBkKqFUy,grade11_mathematical_literacy_papers\2018\Mathematical-Literacy-GR-11-Paper-2-_-1.pdf
2018,September Test,https://drive.google.com/embeddedfolderview?id=1cNsPzQ2jrVDgFWjH3AFSwxlVlFOURMZM#list,Math-Lit-Sept-QP & Memo-2018.pdf,https://drive.google.com/file/d/1Qwbp2hwBbtvKJ1CwLyJmxvEqBIpYNpfY/view?usp=drive_web,1Qwbp2hwBbtvKJ1CwLyJmxvEqBIpYNpfY,grade11_mathematical_literacy_papers\2018\Math-Lit-Sept-QP Memo-2018.pdf
2018,Eastern Cape November Exam,https://drive.google.com/embeddedfolderview?id=1IrAtkjBoF0YftdKcPM4oJEK1V6YZgJWs#list,MATHS LIT P1 GR11 MEMO NOV2018_Afrikaans.pdf,https://drive.google.com/file/d/135OTh_-ohFwN1_LPW6wXR2uQAbR8L2J4/view?usp=drive_web,135OTh_-ohFwN1_LPW6wXR2uQAbR8L2J4,grade11_mathematical_literacy_papers\2018\MATHS LIT P1 GR11 MEMO NOV2018_Afrikaans.pdf
2018,Eastern Cape November Exam,https://drive.google.com/embeddedfolderview?id=1IrAtkjBoF0YftdKcPM4oJEK1V6YZgJWs#list,MATHS LIT P1 GR11 MEMO NOV2018_English final.pdf,https://drive.google.com/file/d/1D5JTZZoM_MmanB5rkENRqvBj-Gm_unrH/view?usp=drive_web,1D5JTZZoM_MmanB5rkENRqvBj-Gm_unrH,grade11_mathematical_literacy_papers\2018\MATHS LIT P1 GR11 MEMO NOV2018_English final.pdf
2018,Eastern Cape November Exam,https://drive.google.com/embeddedfolderview?id=1IrAtkjBoF0YftdKcPM4oJEK1V6YZgJWs#list,MATHS LIT P1 GR11 QP NOV2018_Afr D.pdf,https://drive.google.com/file/d/1iBPiyAkRjGqoDAIre1XctxMooV7JMTql/view?usp=drive_web,1iBPiyAkRjGqoDAIre1XctxMooV7JMTql,grade11_mathematical_literacy_papers\2018\MATHS LIT P1 GR11 QP NOV2018_Afr D.pdf
2018,Eastern Cape November Exam,https://drive.google.com/embeddedfolderview?id=1IrAtkjBoF0YftdKcPM4oJEK1V6YZgJWs#list,MATHS LIT P1 GR11 QP NOV2018_Eng D.pdf,https://drive.google.com/file/d/1lIDBFIww_rrEcNfTsMfH9vnk_UYXZyyW/view?usp=drive_web,1lIDBFIww_rrEcNfTsMfH9vnk_UYXZyyW,grade11_mathematical_literacy_papers\2018\MATHS LIT P1 GR11 QP NOV2018_Eng D.pdf
2018,Eastern Cape November Exam,https://drive.google.com/embeddedfolderview?id=1IrAtkjBoF0YftdKcPM4oJEK1V6YZgJWs#list,MATHS LIT P2 GR11 ADDENDUM NOV 2018_Afr D.pdf,https://drive.google.com/file/d/1-Xwkv5OOekUz2780RPIBwzeiMvEQy3Rr/view?usp=drive_web,1-Xwkv5OOekUz2780RPIBwzeiMvEQy3Rr,grade11_mathematical_literacy_papers\2018\MATHS LIT P2 GR11 ADDENDUM NOV 2018_Afr D.pdf
2018,Eastern Cape November Exam,https://drive.google.com/embeddedfolderview?id=1IrAtkjBoF0YftdKcPM4oJEK1V6YZgJWs#list,MATHS LIT P2 GR11 ADDENDUM NOV 2018_Eng D.pdf,https://drive.google.com/file/d/1vnkLoHrTX2cNe9vICqC0PTUXH5vQG6Sl/view?usp=drive_web,1vnkLoHrTX2cNe9vICqC0PTUXH5vQG6Sl,grade11_mathematical_literacy_papers\2018\MATHS LIT P2 GR11 ADDENDUM NOV 2018_Eng D.pdf
2018,Eastern Cape November Exam,https://drive.google.com/embeddedfolderview?id=1IrAtkjBoF0YftdKcPM4oJEK1V6YZgJWs#list,MATHS LIT P2 GR11 MEMO NOV 2018_Afrikaans.pdf,https://drive.google.com/file/d/1xlgaa19bKv4puvRuhSscyCgCq-m8sqGb/view?usp=drive_web,1xlgaa19bKv4puvRuhSscyCgCq-m8sqGb,grade11_mathematical_literacy_papers\2018\MATHS LIT P2 GR11 MEMO NOV 2018_Afrikaans.pdf
2018,Eastern Cape November Exam,https://drive.google.com/embeddedfolderview?id=1IrAtkjBoF0YftdKcPM4oJEK1V6YZgJWs#list,MATHS LIT P2 GR11 MEMO NOV 2018_English.pdf,https://drive.google.com/file/d/1-i2VJxQScmxeDeAQ6J-S7pT9ym5ocErd/view?usp=drive_web,1-i2VJxQScmxeDeAQ6J-S7pT9ym5ocErd,grade11_mathematical_literacy_papers\2018\MATHS LIT P2 GR11 MEMO NOV 2018_English.pdf
2018,Eastern Cape November Exam,https://drive.google.com/embeddedfolderview?id=1IrAtkjBoF0YftdKcPM4oJEK1V6YZgJWs#list,MATHS LIT P2 GR11 QP NOV2018_Afr D.pdf,https://drive.google.com/file/d/1OwBDAaHkIUCyWC-M0M_eOjm3bMSR4OAV/view?usp=drive_web,1OwBDAaHkIUCyWC-M0M_eOjm3bMSR4OAV,grade11_mathematical_literacy_papers\2018\MATHS LIT P2 GR11 QP NOV2018_Afr D.pdf
2018,Eastern Cape November Exam,https://drive.google.com/embeddedfolderview?id=1IrAtkjBoF0YftdKcPM4oJEK1V6YZgJWs#list,MATHS LIT P2 GR11 QP NOV2018_Eng D.pdf,https://drive.google.com/file/d/1K86I0BjC4LvLB3BHpPaknvcvpiAHjjnT/view?usp=drive_web,1K86I0BjC4LvLB3BHpPaknvcvpiAHjjnT,grade11_mathematical_literacy_papers\2018\MATHS LIT P2 GR11 QP NOV2018_Eng D.pdf
2018,KwaZulu-Natal November Exam,https://drive.google.com/embeddedfolderview?id=1Y6VBhRsG4JvdAe4TanLh6bQ6QmzUh_ZY#list,MATHS LITERACY NOV-P1-and MEMO.pdf,https://drive.google.com/file/d/1q8X8u3jjZ08zVrn7dUg6SAfAPwbJ1vzN/view?usp=drive_web,1q8X8u3jjZ08zVrn7dUg6SAfAPwbJ1vzN,grade11_mathematical_literacy_papers\2018\MATHS LITERACY NOV-P1-and MEMO.pdf
2018,KwaZulu-Natal November Exam,https://drive.google.com/embeddedfolderview?id=1Y6VBhRsG4JvdAe4TanLh6bQ6QmzUh_ZY#list,MATHS LITERACY-NOV-P2-and MEMO.pdf,https://drive.google.com/file/d/1ZD0iti2f5oXGKe6DiAiUA1wRXCmT43un/view?usp=drive_web,1ZD0iti2f5oXGKe6DiAiUA1wRXCmT43un,grade11_mathematical_literacy_papers\2018\MATHS LITERACY-NOV-P2-and MEMO.pdf
2017,March Test,https://drive.google.com/embeddedfolderview?id=1IDvE1kRWofF4Hqm7ofH7lQNCxXEMdM5b#list,Math-Lit-March-QP & Memo-2017.pdf,https://drive.google.com/file/d/19uF5ZD1bOYE6XzXId3W0qKaCufNQmQ4_/view?usp=drive_web,19uF5ZD1bOYE6XzXId3W0qKaCufNQmQ4_,grade11_mathematical_literacy_papers\2017\Math-Lit-March-QP Memo-2017.pdf
2017,KwaZulu-Natal June Exam,https://drive.google.com/embeddedfolderview?id=19CpFncdvPHQgGDEF613UjxtJ7pyh9CxT#list,MATHS LITERACY JUNE-P1-QP-MEMO.pdf,https://drive.google.com/file/d/1ivl-B1iEYPNyx82dHG61FwlGcSVJ6udJ/view?usp=drive_web,1ivl-B1iEYPNyx82dHG61FwlGcSVJ6udJ,grade11_mathematical_literacy_papers\2017\MATHS LITERACY JUNE-P1-QP-MEMO.pdf
2017,KwaZulu-Natal June Exam,https://drive.google.com/embeddedfolderview?id=19CpFncdvPHQgGDEF613UjxtJ7pyh9CxT#list,MATHS LITERACY JUNE-P2-QP-MEMO.pdf,https://drive.google.com/file/d/1sX1_jJUn1qtHCmcicbEn7JEVhK0XHw3-/view?usp=drive_web,1sX1_jJUn1qtHCmcicbEn7JEVhK0XHw3-,grade11_mathematical_literacy_papers\2017\MATHS LITERACY JUNE-P2-QP-MEMO.pdf
2017,September Test,https://drive.google.com/embeddedfolderview?id=1IiUNPg5GMUMinfstniHRZczcZn3IdlS3#list,Math-Lit-Sept-QP & Memo-2017.pdf,https://drive.google.com/file/d/1W7igTAB40MyImqvPPKgepfn23_uBJ9EF/view?usp=drive_web,1W7igTAB40MyImqvPPKgepfn23_uBJ9EF,grade11_mathematical_literacy_papers\2017\Math-Lit-Sept-QP Memo-2017.pdf
2017,Eastern Cape November Exam,https://drive.google.com/embeddedfolderview?id=1dELwrnZ1Q3r9KojNr8HoBlFMIC_wfm_a#list,MATHS LIT P1 GR11 QP NOV 2017 QP_Afrikaans.pdf,https://drive.google.com/file/d/1DPpYKxVNCaiKrE_-cYZ8xheAtVZeqg1K/view?usp=drive_web,1DPpYKxVNCaiKrE_-cYZ8xheAtVZeqg1K,grade11_mathematical_literacy_papers\2017\MATHS LIT P1 GR11 QP NOV 2017 QP_Afrikaans.pdf
2017,Eastern Cape November Exam,https://drive.google.com/embeddedfolderview?id=1dELwrnZ1Q3r9KojNr8HoBlFMIC_wfm_a#list,MATHS LIT P1 GR11 QP NOV 2017_English.pdf,https://drive.google.com/file/d/1Gjsgf864LwzAT1fOP6fmn1S1GfE5xQNz/view?usp=drive_web,1Gjsgf864LwzAT1fOP6fmn1S1GfE5xQNz,grade11_mathematical_literacy_papers\2017\MATHS LIT P1 GR11 QP NOV 2017_English.pdf
2017,Eastern Cape November Exam,https://drive.google.com/embeddedfolderview?id=1dELwrnZ1Q3r9KojNr8HoBlFMIC_wfm_a#list,MATHS LIT P1 MEMO GR11 NOV2017_Afrikaans.pdf,https://drive.google.com/file/d/1n5_3ho3t6SN7KdroxjiBgjvDs_d1CwTv/view?usp=drive_web,1n5_3ho3t6SN7KdroxjiBgjvDs_d1CwTv,grade11_mathematical_literacy_papers\2017\MATHS LIT P1 MEMO GR11 NOV2017_Afrikaans.pdf
2017,Eastern Cape November Exam,https://drive.google.com/embeddedfolderview?id=1dELwrnZ1Q3r9KojNr8HoBlFMIC_wfm_a#list,MATHS LIT P1 MEMO GR11 NOV2017_English.pdf,https://drive.google.com/file/d/16oHxY6daOqBhmeYU3CWr6XHTXcbGs3XN/view?usp=drive_web,16oHxY6daOqBhmeYU3CWr6XHTXcbGs3XN,grade11_mathematical_literacy_papers\2017\MATHS LIT P1 MEMO GR11 NOV2017_English.pdf
2017,Eastern Cape November Exam,https://drive.google.com/embeddedfolderview?id=1dELwrnZ1Q3r9KojNr8HoBlFMIC_wfm_a#list,MATHS LIT P2 GR11 ADDENDUM NOV2017_Afrikaans.pdf,https://drive.google.com/file/d/1JxX3Y_DbLeD3iLpISv58HDkX4MYQ2NJ8/view?usp=drive_web,1JxX3Y_DbLeD3iLpISv58HDkX4MYQ2NJ8,grade11_mathematical_literacy_papers\2017\MATHS LIT P2 GR11 ADDENDUM NOV2017_Afrikaans.pdf
2017,Eastern Cape November Exam,https://drive.google.com/embeddedfolderview?id=1dELwrnZ1Q3r9KojNr8HoBlFMIC_wfm_a#list,MATHS LIT P2 GR11 ADDENDUM NOV2017_English.pdf,https://drive.google.com/file/d/10vY3pwt-B05a1JOc6730kJ1j8ucf0aNp/view?usp=drive_web,10vY3pwt-B05a1JOc6730kJ1j8ucf0aNp,grade11_mathematical_literacy_papers\2017\MATHS LIT P2 GR11 ADDENDUM NOV2017_English.pdf
2017,Eastern Cape November Exam,https://drive.google.com/embeddedfolderview?id=1dELwrnZ1Q3r9KojNr8HoBlFMIC_wfm_a#list,MATHS LIT P2 GR11 MEMO AFR NOV2017.pdf,https://drive.google.com/file/d/1EqkliDCGp4FXkP_s0AzXHTgWA_0B0NHr/view?usp=drive_web,1EqkliDCGp4FXkP_s0AzXHTgWA_0B0NHr,grade11_mathematical_literacy_papers\2017\MATHS LIT P2 GR11 MEMO AFR NOV2017.pdf
2017,Eastern Cape November Exam,https://drive.google.com/embeddedfolderview?id=1dELwrnZ1Q3r9KojNr8HoBlFMIC_wfm_a#list,MATHS LIT P2 GR11 MEMO NOV2017_English.pdf,https://drive.google.com/file/d/1GJAXbsTGG5eWbou9-G5KrfvLxSfUS_Qw/view?usp=drive_web,1GJAXbsTGG5eWbou9-G5KrfvLxSfUS_Qw,grade11_mathematical_literacy_papers\2017\MATHS LIT P2 GR11 MEMO NOV2017_English.pdf
2017,Eastern Cape November Exam,https://drive.google.com/embeddedfolderview?id=1dELwrnZ1Q3r9KojNr8HoBlFMIC_wfm_a#list,MATHS LIT P2 GR11 QP NOV2017_Afrikaans.pdf,https://drive.google.com/file/d/1rm_xsNvTdNtWiZfYZQx3rd2nICTSxzMc/view?usp=drive_web,1rm_xsNvTdNtWiZfYZQx3rd2nICTSxzMc,grade11_mathematical_literacy_papers\2017\MATHS LIT P2 GR11 QP NOV2017_Afrikaans.pdf
2017,Eastern Cape November Exam,https://drive.google.com/embeddedfolderview?id=1dELwrnZ1Q3r9KojNr8HoBlFMIC_wfm_a#list,MATHS LIT P2 GR11 QP NOV2017_English.pdf,https://drive.google.com/file/d/1TcnPyoE0usWgt-c9aqxHgripYkMWB0UT/view?usp=drive_web,1TcnPyoE0usWgt-c9aqxHgripYkMWB0UT,grade11_mathematical_literacy_papers\2017\MATHS LIT P2 GR11 QP NOV2017_English.pdf
2016,March Test,https://drive.google.com/embeddedfolderview?id=1IZEpMedkWEaQqphFWkLuBKYIjWXXHmqR#list,Math-Lit-March-QP & Memo-2016.pdf,https://drive.google.com/file/d/1Uzoi3w0AnEX1h8fYmegMpEVGBLmF6LsL/view?usp=drive_web,1Uzoi3w0AnEX1h8fYmegMpEVGBLmF6LsL,grade11_mathematical_literacy_papers\2016\Math-Lit-March-QP Memo-2016.pdf
2016,KwaZulu-Natal June Exam,https://drive.google.com/embeddedfolderview?id=1HmUMT9gjFBqV3vT_CliErF2BbASyWlAa#list,MATHS LITERACY-P1-JUNE-and MEMO.pdf,https://drive.google.com/file/d/1e09EMmLC51qOv_W2b6WTt7BolcwGoe5b/view?usp=drive_web,1e09EMmLC51qOv_W2b6WTt7BolcwGoe5b,grade11_mathematical_literacy_papers\2016\MATHS LITERACY-P1-JUNE-and MEMO.pdf
2016,KwaZulu-Natal June Exam,https://drive.google.com/embeddedfolderview?id=1HmUMT9gjFBqV3vT_CliErF2BbASyWlAa#list,MATHS LITERACY-P2-JUNE-and MEMO.pdf,https://drive.google.com/file/d/1IqItXJyYnrs0b3-53jIC_X00fYi6iEyy/view?usp=drive_web,1IqItXJyYnrs0b3-53jIC_X00fYi6iEyy,grade11_mathematical_literacy_papers\2016\MATHS LITERACY-P2-JUNE-and MEMO.pdf
2016,September Test,https://drive.google.com/embeddedfolderview?id=1usc7nJtwthsNAma0BuGzHEObgXFigMrs#list,Math-Lit-Sept-QP & Memo-2016.pdf,https://drive.google.com/file/d/1OsTcKa7kfYbFYevqPDddmg__uoqRrF8r/view?usp=drive_web,1OsTcKa7kfYbFYevqPDddmg__uoqRrF8r,grade11_mathematical_literacy_papers\2016\Math-Lit-Sept-QP Memo-2016.pdf
2016,KwaZulu-Natal November Exam,https://drive.google.com/embeddedfolderview?id=1A8Qdg8DjB4C71RtpBFpDBD-F7ZcPxynh#list,MATHS LITERACY-P1-NOV-and MEMO.pdf,https://drive.google.com/file/d/1Gsi3A3Gbun_igrsB56d7UG83xLZ0G2la/view?usp=drive_web,1Gsi3A3Gbun_igrsB56d7UG83xLZ0G2la,grade11_mathematical_literacy_papers\2016\MATHS LITERACY-P1-NOV-and MEMO.pdf
2016,KwaZulu-Natal November Exam,https://drive.google.com/embeddedfolderview?id=1A8Qdg8DjB4C71RtpBFpDBD-F7ZcPxynh#list,MATHS LITERACY-P2-NOV-and MEMO.pdf,https://drive.google.com/file/d/1v94wNn1XIvvDnUfHC8tuALo28Oh11kVZ/view?usp=drive_web,1v94wNn1XIvvDnUfHC8tuALo28Oh11kVZ,grade11_mathematical_literacy_papers\2016\MATHS LITERACY-P2-NOV-and MEMO.pdf
2016,Eastern Cape November Exam,https://drive.google.com/embeddedfolderview?id=1XSGCqmG4hUo6NNDslNGKVEWDiVqZToSg#list,Gr11-MLIT-P1-N16-Memo-Afr.pdf,https://drive.google.com/file/d/1bi0SbF_ml_t22lMWaAcc9kmdOIbbPQzg/view?usp=drive_web,1bi0SbF_ml_t22lMWaAcc9kmdOIbbPQzg,grade11_mathematical_literacy_papers\2016\Gr11-MLIT-P1-N16-Memo-Afr.pdf
2016,Eastern Cape November Exam,https://drive.google.com/embeddedfolderview?id=1XSGCqmG4hUo6NNDslNGKVEWDiVqZToSg#list,Gr11-MLIT-P1-N16-MEMO-Eng.pdf,https://drive.google.com/file/d/1Bi6GbqkGg5Ombq3WiVxNHe2tCGRWn8BV/view?usp=drive_web,1Bi6GbqkGg5Ombq3WiVxNHe2tCGRWn8BV,grade11_mathematical_literacy_papers\2016\Gr11-MLIT-P1-N16-MEMO-Eng.pdf
2016,Eastern Cape November Exam,https://drive.google.com/embeddedfolderview?id=1XSGCqmG4hUo6NNDslNGKVEWDiVqZToSg#list,Gr11-MLIT-P1-N16-QP-Afr.pdf,https://drive.google.com/file/d/1mqCi1rHnoFeR9maplAjTIJQ9he4TIZzz/view?usp=drive_web,1mqCi1rHnoFeR9maplAjTIJQ9he4TIZzz,grade11_mathematical_literacy_papers\2016\Gr11-MLIT-P1-N16-QP-Afr.pdf
2016,Eastern Cape November Exam,https://drive.google.com/embeddedfolderview?id=1XSGCqmG4hUo6NNDslNGKVEWDiVqZToSg#list,Gr11-MLIT-P1-N16-QP-Eng.pdf,https://drive.google.com/file/d/1Wz10NakBILVP5_krwoGgjliZLKdb1B-T/view?usp=drive_web,1Wz10NakBILVP5_krwoGgjliZLKdb1B-T,grade11_mathematical_literacy_papers\2016\Gr11-MLIT-P1-N16-QP-Eng.pdf
2016,Eastern Cape November Exam,https://drive.google.com/embeddedfolderview?id=1XSGCqmG4hUo6NNDslNGKVEWDiVqZToSg#list,MATHS LIT P2 GR11 QP ENG NOV2016.pdf,https://drive.google.com/file/d/128DtHXaOrQOm71gBdJ56qlZ234H_y1FM/view?usp=drive_web,128DtHXaOrQOm71gBdJ56qlZ234H_y1FM,grade11_mathematical_literacy_papers\2016\MATHS LIT P2 GR11 QP ENG NOV2016.pdf
2016,Eastern Cape November Exam,https://drive.google.com/embeddedfolderview?id=1XSGCqmG4hUo6NNDslNGKVEWDiVqZToSg#list,MLT P2 GR11 MEMO AFR NOV2016.pdf,https://drive.google.com/file/d/1v1yQPRpSo0fJgtPccK3_zCAb8ZnID9P_/view?usp=drive_web,1v1yQPRpSo0fJgtPccK3_zCAb8ZnID9P_,grade11_mathematical_literacy_papers\2016\MLT P2 GR11 MEMO AFR NOV2016.pdf
2016,Eastern Cape November Exam,https://drive.google.com/embeddedfolderview?id=1XSGCqmG4hUo6NNDslNGKVEWDiVqZToSg#list,MLT P2 GR11 MEMO ENG NOV 2016.pdf,https://drive.google.com/file/d/1Z4WPR8878bHZbZLepqRjZzeXSLsNz4Gs/view?usp=drive_web,1Z4WPR8878bHZbZLepqRjZzeXSLsNz4Gs,grade11_mathematical_literacy_papers\2016\MLT P2 GR11 MEMO ENG NOV 2016.pdf
2016,Eastern Cape November Exam,https://drive.google.com/embeddedfolderview?id=1XSGCqmG4hUo6NNDslNGKVEWDiVqZToSg#list,MLT P2 GR11 QP AFR NOV2016.pdf,https://drive.google.com/file/d/13otX3ZbenDLKWPtQLozmSdZA7injZE_X/view?usp=drive_web,13otX3ZbenDLKWPtQLozmSdZA7injZE_X,grade11_mathematical_literacy_papers\2016\MLT P2 GR11 QP AFR NOV2016.pdf
2015,Eastern Cape November Exam,https://drive.google.com/embeddedfolderview?id=19AxioO1VzIDtVi3avMxoDIsKQpmRLRKE#list,Gr11-mlit-P2-N15-MEMO-Afr.pdf,https://drive.google.com/file/d/1v7MUHAE9L1oFzFMMbxyjpL1xk7iKMTvo/view?usp=drive_web,1v7MUHAE9L1oFzFMMbxyjpL1xk7iKMTvo,grade11_mathematical_literacy_papers\2015\Gr11-mlit-P2-N15-MEMO-Afr.pdf
2015,Eastern Cape November Exam,https://drive.google.com/embeddedfolderview?id=19AxioO1VzIDtVi3avMxoDIsKQpmRLRKE#list,Gr11-mlit-P2-N15-MEMO-Eng.pdf,https://drive.google.com/file/d/1NeoDXr7bG-WamptKZLgnMTwGq8BK96f1/view?usp=drive_web,1NeoDXr7bG-WamptKZLgnMTwGq8BK96f1,grade11_mathematical_literacy_papers\2015\Gr11-mlit-P2-N15-MEMO-Eng.pdf
2015,Eastern Cape November Exam,https://drive.google.com/embeddedfolderview?id=19AxioO1VzIDtVi3avMxoDIsKQpmRLRKE#list,Gr11-mlit-P2-N15-QP-Afr.pdf,https://drive.google.com/file/d/1-vsQxDFnBy0TVQEflCbcYZ4xp8y0tXUu/view?usp=drive_web,1-vsQxDFnBy0TVQEflCbcYZ4xp8y0tXUu,grade11_mathematical_literacy_papers\2015\Gr11-mlit-P2-N15-QP-Afr.pdf
2015,Eastern Cape November Exam,https://drive.google.com/embeddedfolderview?id=19AxioO1VzIDtVi3avMxoDIsKQpmRLRKE#list,Gr11-mlit-P2-N15-QP-Eng.pdf,https://drive.google.com/file/d/19cTze2bsydkwqSOZWKYz4fSjIvJieSCN/view?usp=drive_web,19cTze2bsydkwqSOZWKYz4fSjIvJieSCN,grade11_mathematical_literacy_papers\2015\Gr11-mlit-P2-N15-QP-Eng.pdf
2015,Eastern Cape November Exam,https://drive.google.com/embeddedfolderview?id=19AxioO1VzIDtVi3avMxoDIsKQpmRLRKE#list,MATHS LIT P1 MEMO GR11 SEPT 2015 AFR FINAL.pdf,https://drive.google.com/file/d/1xNvxd83LZwm2X83sudSAK1x5BIMlg2CD/view?usp=drive_web,1xNvxd83LZwm2X83sudSAK1x5BIMlg2CD,grade11_mathematical_literacy_papers\2015\MATHS LIT P1 MEMO GR11 SEPT 2015 AFR FINAL.pdf
2015,Eastern Cape November Exam,https://drive.google.com/embeddedfolderview?id=19AxioO1VzIDtVi3avMxoDIsKQpmRLRKE#list,MATHS LIT P1 MEMO GR11 SEPT 2015 ENG FINAL.pdf,https://drive.google.com/file/d/1KTF6k5D464CWpLmsTH3c4_OWZPhWrp-1/view?usp=drive_web,1KTF6k5D464CWpLmsTH3c4_OWZPhWrp-1,grade11_mathematical_literacy_papers\2015\MATHS LIT P1 MEMO GR11 SEPT 2015 ENG FINAL.pdf
2015,Eastern Cape November Exam,https://drive.google.com/embeddedfolderview?id=19AxioO1VzIDtVi3avMxoDIsKQpmRLRKE#list,MATHS LIT P1 QP GR11 SEPT 2015 AFR.pdf,https://drive.google.com/file/d/1qwLnncVNQUVyJ_Ka04QuuGwqKNb3wqLa/view?usp=drive_web,1qwLnncVNQUVyJ_Ka04QuuGwqKNb3wqLa,grade11_mathematical_literacy_papers\2015\MATHS LIT P1 QP GR11 SEPT 2015 AFR.pdf
2015,Eastern Cape November Exam,https://drive.google.com/embeddedfolderview?id=19AxioO1VzIDtVi3avMxoDIsKQpmRLRKE#list,MATHS LIT P1 QP GR11 SEPT 2015 ENG.pdf,https://drive.google.com/file/d/1igm7L8xM_gyNvjvYKfdk8vWy9NxPmWf9/view?usp=drive_web,1igm7L8xM_gyNvjvYKfdk8vWy9NxPmWf9,grade11_mathematical_literacy_papers\2015\MATHS LIT P1 QP GR11 SEPT 2015 ENG.pdf
2014,Eastern Cape November Exam,https://drive.google.com/embeddedfolderview?id=1O285WPipV2H3EKoUDo2HVzs-PYUz1rDE#list,MLIT P1 GR11 MEMO NOV2014 AFR.pdf,https://drive.google.com/file/d/1DLBVXBf0VU0mPvjiLSN63jnFDIIlUmfw/view?usp=drive_web,1DLBVXBf0VU0mPvjiLSN63jnFDIIlUmfw,grade11_mathematical_literacy_papers\2014\MLIT P1 GR11 MEMO NOV2014 AFR.pdf
2014,Eastern Cape November Exam,https://drive.google.com/embeddedfolderview?id=1O285WPipV2H3EKoUDo2HVzs-PYUz1rDE#list,MLIT P1 GR11 MEMO NOV2014 ENG.pdf,https://drive.google.com/file/d/19dtSqR7Fx-iOgSWcueXLu3EqkQnosrx8/view?usp=drive_web,19dtSqR7Fx-iOgSWcueXLu3EqkQnosrx8,grade11_mathematical_literacy_papers\2014\MLIT P1 GR11 MEMO NOV2014 ENG.pdf
2014,Eastern Cape November Exam,https://drive.google.com/embeddedfolderview?id=1O285WPipV2H3EKoUDo2HVzs-PYUz1rDE#list,MLIT P1 GR11 QP NOVP2014 AFR.pdf,https://drive.google.com/file/d/1w-5EBkDdC4BT6KwPzWS0PDQwQok8Sjn2/view?usp=drive_web,1w-5EBkDdC4BT6KwPzWS0PDQwQok8Sjn2,grade11_mathematical_literacy_papers\2014\MLIT P1 GR11 QP NOVP2014 AFR.pdf
2014,Eastern Cape November Exam,https://drive.google.com/embeddedfolderview?id=1O285WPipV2H3EKoUDo2HVzs-PYUz1rDE#list,MLIT P1 GR11 QP NOVP2014 ENG.pdf,https://drive.google.com/file/d/1wIbIMpLnUibCgN16n0Ci4LTjY1t4Xroc/view?usp=drive_web,1wIbIMpLnUibCgN16n0Ci4LTjY1t4Xroc,grade11_mathematical_literacy_papers\2014\MLIT P1 GR11 QP NOVP2014 ENG.pdf
2014,Eastern Cape November Exam,https://drive.google.com/embeddedfolderview?id=1O285WPipV2H3EKoUDo2HVzs-PYUz1rDE#list,MLIT P2 GR11 MEMO NOV2014 AFR.pdf,https://drive.google.com/file/d/183dj6asoQPo0uLgyS2_jtXICRbrtTEwm/view?usp=drive_web,183dj6asoQPo0uLgyS2_jtXICRbrtTEwm,grade11_mathematical_literacy_papers\2014\MLIT P2 GR11 MEMO NOV2014 AFR.pdf
2014,Eastern Cape November Exam,https://drive.google.com/embeddedfolderview?id=1O285WPipV2H3EKoUDo2HVzs-PYUz1rDE#list,MLIT P2 GR11 MEMO NOV2014 ENG.pdf,https://drive.google.com/file/d/1prTKx0DF7inmcK6-mrnYtOylI8avH6lF/view?usp=drive_web,1prTKx0DF7inmcK6-mrnYtOylI8avH6lF,grade11_mathematical_literacy_papers\2014\MLIT P2 GR11 MEMO NOV2014 ENG.pdf
2014,Eastern Cape November Exam,https://drive.google.com/embeddedfolderview?id=1O285WPipV2H3EKoUDo2HVzs-PYUz1rDE#list,MLIT P2 GR11 QP NOV 2014 ENG.pdf,https://drive.google.com/file/d/1nVCtxxtj_QfR4Wf4YNlpKYiFH73EXem5/view?usp=drive_web,1nVCtxxtj_QfR4Wf4YNlpKYiFH73EXem5,grade11_mathematical_literacy_papers\2014\MLIT P2 GR11 QP NOV 2014 ENG.pdf
2014,Eastern Cape November Exam,https://drive.google.com/embeddedfolderview?id=1O285WPipV2H3EKoUDo2HVzs-PYUz1rDE#list,MLIT P2 GR11 QP NOV2014 AFR.pdf,https://drive.google.com/file/d/1d41wRfiHGA1_6U3MVXtGl2EP7gGscjSJ/view?usp=drive_web,1d41wRfiHGA1_6U3MVXtGl2EP7gGscjSJ,grade11_mathematical_literacy_papers\2014\MLIT P2 GR11 QP NOV2014 AFR.pdf
2013,National Exemplar November Exam,https://drive.google.com/embeddedfolderview?id=1WkzWhxi5L7vbTk10n6nhTDgbX8s9qVTv#list,Mathematical Literacy P1 Exemplar 2013 Afr Memo.pdf,https://drive.google.com/file/d/1v3ACA4ewEzrkAAz6loWooURQy1mbwcbG/view?usp=drive_web,1v3ACA4ewEzrkAAz6loWooURQy1mbwcbG,grade11_mathematical_literacy_papers\2013\Mathematical Literacy P1 Exemplar 2013 Afr Memo.pdf
2013,National Exemplar November Exam,https://drive.google.com/embeddedfolderview?id=1WkzWhxi5L7vbTk10n6nhTDgbX8s9qVTv#list,Mathematical Literacy P1 Exemplar 2013 Afr.pdf,https://drive.google.com/file/d/11KeQBt59POsFI0Rj6Y9sK4gSlC_1lypj/view?usp=drive_web,11KeQBt59POsFI0Rj6Y9sK4gSlC_1lypj,grade11_mathematical_literacy_papers\2013\Mathematical Literacy P1 Exemplar 2013 Afr.pdf
2013,National Exemplar November Exam,https://drive.google.com/embeddedfolderview?id=1WkzWhxi5L7vbTk10n6nhTDgbX8s9qVTv#list,Mathematical Literacy P1 Exemplar 2013 Eng Memo.pdf,https://drive.google.com/file/d/1SELow_wbC3gwU862wLPxAvhGeEYzkj1f/view?usp=drive_web,1SELow_wbC3gwU862wLPxAvhGeEYzkj1f,grade11_mathematical_literacy_papers\2013\Mathematical Literacy P1 Exemplar 2013 Eng Memo.pdf
2013,National Exemplar November Exam,https://drive.google.com/embeddedfolderview?id=1WkzWhxi5L7vbTk10n6nhTDgbX8s9qVTv#list,Mathematical Literacy P1 Exemplar 2013 Eng.pdf,https://drive.google.com/file/d/1W1E4vuwy1zEKGNGoIGAPhQJkK1xKgcvo/view?usp=drive_web,1W1E4vuwy1zEKGNGoIGAPhQJkK1xKgcvo,grade11_mathematical_literacy_papers\2013\Mathematical Literacy P1 Exemplar 2013 Eng.pdf
2013,National Exemplar November Exam,https://drive.google.com/embeddedfolderview?id=1WkzWhxi5L7vbTk10n6nhTDgbX8s9qVTv#list,Mathematical Literacy P2 Grade 11 Exemplar 2013 Afr Memo.pdf,https://drive.google.com/file/d/1K5z9Y15S9X1BsCASPN4suxtzCApqTLcs/view?usp=drive_web,1K5z9Y15S9X1BsCASPN4suxtzCApqTLcs,grade11_mathematical_literacy_papers\2013\Mathematical Literacy P2 Grade 11 Exemplar 2013 Afr Memo.pdf
2013,National Exemplar November Exam,https://drive.google.com/embeddedfolderview?id=1WkzWhxi5L7vbTk10n6nhTDgbX8s9qVTv#list,Mathematical Literacy P2 Grade 11 Exemplar 2013 Afr.pdf,https://drive.google.com/file/d/1NY7NLQgz52fEMKN1luux2GCovAyKx__h/view?usp=drive_web,1NY7NLQgz52fEMKN1luux2GCovAyKx__h,grade11_mathematical_literacy_papers\2013\Mathematical Literacy P2 Grade 11 Exemplar 2013 Afr.pdf
2013,Eastern Cape November Exam,https://drive.google.com/embeddedfolderview?id=1VorIRhH_Ej0G12ZZHGpCh_FPbNyizvqO#list,Gr11-MLIT-P2-N13-MEMO-Afr.pdf,https://drive.google.com/file/d/1rtdZE9kfSTbAGYxLbyITh2k9ZXGFt-fT/view?usp=drive_web,1rtdZE9kfSTbAGYxLbyITh2k9ZXGFt-fT,grade11_mathematical_literacy_papers\2013\Gr11-MLIT-P2-N13-MEMO-Afr.pdf
2013,Eastern Cape November Exam,https://drive.google.com/embeddedfolderview?id=1VorIRhH_Ej0G12ZZHGpCh_FPbNyizvqO#list,Gr11-MLIT-P2-N13-MEMO-Eng.pdf,https://drive.google.com/file/d/1hjtfKGy8hPf9wgmawS2xGJ2XlOOTqdSp/view?usp=drive_web,1hjtfKGy8hPf9wgmawS2xGJ2XlOOTqdSp,grade11_mathematical_literacy_papers\2013\Gr11-MLIT-P2-N13-MEMO-Eng.pdf
2013,Eastern Cape November Exam,https://drive.google.com/embeddedfolderview?id=1VorIRhH_Ej0G12ZZHGpCh_FPbNyizvqO#list,Gr11-MLIT-P2-N13-QP-Afr.pdf,https://drive.google.com/file/d/1VwF6ozDvYfXAXoLpDwysLxWODmvurfIJ/view?usp=drive_web,1VwF6ozDvYfXAXoLpDwysLxWODmvurfIJ,grade11_mathematical_literacy_papers\2013\Gr11-MLIT-P2-N13-QP-Afr.pdf
2013,Eastern Cape November Exam,https://drive.google.com/embeddedfolderview?id=1VorIRhH_Ej0G12ZZHGpCh_FPbNyizvqO#list,Gr11-MLIT-P2-N13-QP-Eng.pdf,https://drive.google.com/file/d/1ILwjf8q-8c6ai28a--YGhu-uEvVQ5mqJ/view?usp=drive_web,1ILwjf8q-8c6ai28a--YGhu-uEvVQ5mqJ,grade11_mathematical_literacy_papers\2013\Gr11-MLIT-P2-N13-QP-Eng.pdf
2013,Eastern Cape November Exam,https://drive.google.com/embeddedfolderview?id=1VorIRhH_Ej0G12ZZHGpCh_FPbNyizvqO#list,MLIT P1 GR11 NOV2013 MEMO (Engl).pdf,https://drive.google.com/file/d/1JDSVVFTihYtabVKqayaDgUZtlHOZwIZ5/view?usp=drive_web,1JDSVVFTihYtabVKqayaDgUZtlHOZwIZ5,grade11_mathematical_literacy_papers\2013\MLIT P1 GR11 NOV2013 MEMO (Engl).pdf
2013,Eastern Cape November Exam,https://drive.google.com/embeddedfolderview?id=1VorIRhH_Ej0G12ZZHGpCh_FPbNyizvqO#list,MLIT P1 GR11 NOV2013 QP (Afr).pdf,https://drive.google.com/file/d/1RDOrpCzWPlzw4t8tJ5WWlDEtLCB-9s8R/view?usp=drive_web,1RDOrpCzWPlzw4t8tJ5WWlDEtLCB-9s8R,grade11_mathematical_literacy_papers\2013\MLIT P1 GR11 NOV2013 QP (Afr).pdf
2013,Eastern Cape November Exam,https://drive.google.com/embeddedfolderview?id=1VorIRhH_Ej0G12ZZHGpCh_FPbNyizvqO#list,MLIT P1 GR11 NOV2013-MEMO (Afr).pdf,https://drive.google.com/file/d/1PJ8ndVkH3cHGtzNebWFz4pNZ3A4iMAI8/view?usp=drive_web,1PJ8ndVkH3cHGtzNebWFz4pNZ3A4iMAI8,grade11_mathematical_literacy_papers\2013\MLIT P1 GR11 NOV2013-MEMO (Afr).pdf
2013,Eastern Cape November Exam,https://drive.google.com/embeddedfolderview?id=1VorIRhH_Ej0G12ZZHGpCh_FPbNyizvqO#list,MLIT P1 GR11 NOV2013-QP-Eng.pdf,https://drive.google.com/file/d/14Nul9_-c2j9xrNxixYYqq87eeLKxzEt3/view?usp=drive_web,14Nul9_-c2j9xrNxixYYqq87eeLKxzEt3,grade11_mathematical_literacy_papers\2013\MLIT P1 GR11 NOV2013-QP-Eng.pdf
2012,Eastern Cape November Exam,https://drive.google.com/embeddedfolderview?id=1jCFk55xFXAQNI-Zleljut7ix1ck-xOka#list,MLIT-P1-N12-MEMO-Afr (1).pdf,https://drive.google.com/file/d/1ryNFR-O_uP-QxfOWebwwXBwZ-Ntw6gs5/view?usp=drive_web,1ryNFR-O_uP-QxfOWebwwXBwZ-Ntw6gs5,grade11_mathematical_literacy_papers\2012\MLIT-P1-N12-MEMO-Afr (1).pdf
2012,Eastern Cape November Exam,https://drive.google.com/embeddedfolderview?id=1jCFk55xFXAQNI-Zleljut7ix1ck-xOka#list,MLIT-P1-N12-MEMO-Afr.pdf,https://drive.google.com/file/d/1uQ8FXyLBbufAqqdj1WI9OCETJGBprcQq/view?usp=drive_web,1uQ8FXyLBbufAqqdj1WI9OCETJGBprcQq,grade11_mathematical_literacy_papers\2012\MLIT-P1-N12-MEMO-Afr.pdf
2012,Eastern Cape November Exam,https://drive.google.com/embeddedfolderview?id=1jCFk55xFXAQNI-Zleljut7ix1ck-xOka#list,MLIT-P1-N12-MEMO-Eng.pdf,https://drive.google.com/file/d/1G4TmkpqsNcaE5jCvvk-O_OpCnYlCUvNo/view?usp=drive_web,1G4TmkpqsNcaE5jCvvk-O_OpCnYlCUvNo,grade11_mathematical_literacy_papers\2012\MLIT-P1-N12-MEMO-Eng.pdf
2012,Eastern Cape November Exam,https://drive.google.com/embeddedfolderview?id=1jCFk55xFXAQNI-Zleljut7ix1ck-xOka#list,MLIT-P1-N12-QP-Afr.pdf,https://drive.google.com/file/d/1203uWbPytxynd-C4LSGYnMoq0M9NE5fl/view?usp=drive_web,1203uWbPytxynd-C4LSGYnMoq0M9NE5fl,grade11_mathematical_literacy_papers\2012\MLIT-P1-N12-QP-Afr.pdf
2012,Eastern Cape November Exam,https://drive.google.com/embeddedfolderview?id=1jCFk55xFXAQNI-Zleljut7ix1ck-xOka#list,MLIT-P1-N12-QP-Eng.pdf,https://drive.google.com/file/d/1-5JUD3-OIFNgsFWZnvPGtuqm7ZmSYlRc/view?usp=drive_web,1-5JUD3-OIFNgsFWZnvPGtuqm7ZmSYlRc,grade11_mathematical_literacy_papers\2012\MLIT-P1-N12-QP-Eng.pdf
2012,Eastern Cape November Exam,https://drive.google.com/embeddedfolderview?id=1jCFk55xFXAQNI-Zleljut7ix1ck-xOka#list,MLIT-P2-GR11 2012 MEMO-AFR.pdf,https://drive.google.com/file/d/1RNIBfF5j8fkqhmUMmm637atD8LJt2ESv/view?usp=drive_web,1RNIBfF5j8fkqhmUMmm637atD8LJt2ESv,grade11_mathematical_literacy_papers\2012\MLIT-P2-GR11 2012 MEMO-AFR.pdf
2012,Eastern Cape November Exam,https://drive.google.com/embeddedfolderview?id=1jCFk55xFXAQNI-Zleljut7ix1ck-xOka#list,MLIT-P2-GR11 2012 MEMO-ENG.pdf,https://drive.google.com/file/d/1KWG4i-Gry1DPExUAQ5L4R761eB3yKgzO/view?usp=drive_web,1KWG4i-Gry1DPExUAQ5L4R761eB3yKgzO,grade11_mathematical_literacy_papers\2012\MLIT-P2-GR11 2012 MEMO-ENG.pdf
2012,Eastern Cape November Exam,https://drive.google.com/embeddedfolderview?id=1jCFk55xFXAQNI-Zleljut7ix1ck-xOka#list,MLIT-P2-GR11 2012-QP-AFR.pdf,https://drive.google.com/file/d/1OduOxQZ9Bl9jYoVvGkxkSaUe7Z5Wul2W/view?usp=drive_web,1OduOxQZ9Bl9jYoVvGkxkSaUe7Z5Wul2W,grade11_mathematical_literacy_papers\2012\MLIT-P2-GR11 2012-QP-AFR.pdf
2012,Eastern Cape November Exam,https://drive.google.com/embeddedfolderview?id=1jCFk55xFXAQNI-Zleljut7ix1ck-xOka#list,MLIT-P2-GR11 2012-QP-Eng.pdf,https://drive.google.com/file/d/1dz-EoPzCMEwJLiqfwHuKPCVlcwDZ5_BU/view?usp=drive_web,1dz-EoPzCMEwJLiqfwHuKPCVlcwDZ5_BU,grade11_mathematical_literacy_papers\2012\MLIT-P2-GR11 2012-QP-Eng.pdf
